time_h,c31_uM,translation_flux_uM_h
0.0,0.0,2.2416983732203386
0.016666666666666666,0.037176527807547564,2.252135209386028
0.03333333333333333,0.07415967893668518,2.279137316767336
0.05,0.1111823321924792,2.317682090383196
0.06666666666666667,0.1484038559336472,2.364212334351765
0.08333333333333333,0.1859316244788846,2.4162078443223574
0.1,0.22383624501774568,2.4718823875469287
0.11666666666666667,0.2621623358486136,2.5299693600777244
0.13333333333333333,0.30093615749827446,2.5895701590407314
0.15,0.3401710174204758,2.6500469064117507
0.16666666666666666,0.3798710992189488,2.7109465425726755
0.18333333333333332,0.4200341770972987,2.7719471034200107
0.2,0.4606535410619593,2.832819691534019
0.21666666666666667,0.5017193633731046,2.8934015476427835
0.23333333333333334,0.5432196692175695,2.9535769754182977
0.25,0.585141026945278,3.013263822626378
0.26666666666666666,0.6274690394425713,3.072403895010187
0.2833333333333333,0.6701886944535852,3.1309561530266947
0.3,0.7132846147185531,3.188891879250353
0.31666666666666665,0.756741236892604,3.246191241456853
0.3333333333333333,0.8005429397708747,3.302840844475591
0.35,0.8446741363595803,3.358831983053653
0.36666666666666664,0.8891193401132286,3.414159391925636
0.38333333333333336,0.9338632126594658,3.468820348895158
0.4,0.9788905982151934,3.522814028793607
0.4166666666666667,1.0241865483968475,3.576141035950416
0.43333333333333335,1.0697363400631874,3.628803063892344
0.45,1.1155254880736045,3.680802645922581
0.4666666666666667,1.1615397543111148,3.732142970754572
0.48333333333333334,1.2077651539368552,3.782827744893933
0.5,1.254187959574097,3.832861088727424
0.5166666666666667,1.3007947039298309,3.882247456982945
0.5333333333333333,1.347572181216086,3.930991577045651
0.55,1.394507447645032,3.979098400311722
0.5666666666666667,1.4415878211967905,4.026573063201912
0.5833333333333334,1.4888008808066595,4.073420855422395
0.6,1.5361344650860764,4.119647193679797
0.6166666666666667,1.583576670661741,4.165257599589482
0.6333333333333333,1.631115850200453,4.210257680824649
0.65,1.6787406101705187,4.254653114838391
0.6666666666666666,1.726439808382499,4.298449634630241
0.6833333333333333,1.7742025513422697,4.341653016185297
0.7,1.8220181914443199,4.384269067291228
0.7166666666666667,1.8698763240285006,4.426303617509443
0.7333333333333333,1.9177667843194972,4.467762509128462
0.75,1.965679644265455,4.508651588963105
0.7666666666666667,2.0136052092918835,4.548976700874666
0.7833333333333333,2.061534014980265,4.588743678951133
0.8,2.109456823684798,4.627958341244074
0.8166666666666667,2.15736462109619,4.6666264840116005
0.8333333333333334,2.205248612762988,4.704753876396628
0.85,2.253100220572579,4.742346255548186
0.8666666666666667,2.300911079205612,4.779409322070053
0.8833333333333333,2.348673032566354,4.815948735798164
0.9,2.3963781301938503,4.851970111895367
0.9166666666666666,2.444018623660735,4.887479017196279
0.9333333333333333,2.4915869629630456,4.922480966796509
0.95,2.5390757929048933,4.956981420864595
0.9666666666666667,2.586477949481985,4.990985781645535
0.9833333333333333,2.633786456266763,5.024499390643402
1.0,2.680994520797955,5.057527525964451
1.0166666666666666,2.728095530977118,5.090075399801958
1.0333333333333334,2.7750830514741955,5.122148156049786
1.05,2.821950820144015,5.153750868030087
1.0666666666666667,2.868692744455359,5.184888536321547
1.0833333333333333,2.9153028979339872,5.215566086676647
1.1,2.9617755166208006,5.2457883680164255
1.1166666666666667,3.0081049955269794,5.275560150483156
1.1333333333333333,3.054285885125789,5.304886123561163
1.15,3.1003128879050528,5.333770894282339
1.1666666666666667,3.1461808549351784,5.362218985409535
1.1833333333333333,3.1918847823031116,5.390234833597664
1.2,3.237419807721612,5.417822787723701
1.2166666666666666,3.282781207016517,5.44498710714273
1.2333333333333334,3.3279643910253025,5.471731960076376
1.25,3.3729649018351253,5.49806142163634
1.2666666666666666,3.4177784096250576,5.523979472246733
1.2833333333333334,3.462400709408419,5.549489995982372
1.3,3.5068277175275844,5.574596778726805
1.3166666666666667,3.551055468309911,5.599303506291896
1.3333333333333333,3.5950801109012662,5.62361376268949
1.35,3.638897906008852,5.647531028300371
1.3666666666666667,3.682505222636546,5.671058677984415
1.3833333333333333,3.7258985346105002,5.694199978972364
1.4,3.769074417514703,5.716958088958058
1.4166666666666667,3.812029545473788,5.739336054040958
1.4333333333333333,3.8547606880114618,5.761336806646375
1.45,3.897264706587224,5.782963163138115
1.4666666666666666,3.9395385514942465,5.804217821579491
1.4833333333333334,3.981579258719183,5.825103359393351
1.5,4.023383946798945,5.845622230933059
1.5166666666666666,4.06494981352688,5.865776764835573
1.5333333333333334,4.106274132648607,5.88556916123449
1.55,4.147354250807951,5.905001489070031
1.5666666666666667,4.188187584416743,5.924075683236836
1.5833333333333333,4.228771616422427,5.942793541530914
1.6,4.269103892854343,5.961156721221215
1.6166666666666667,4.309182019801603,5.97916673590014
1.6333333333333333,4.349003660211325,5.996824952039218
1.65,4.388566530705241,6.014132585434827
1.6666666666666667,4.427868398011018,6.031090697047531
1.6833333333333333,4.466907075856532,6.04770018918836
1.7,4.505680421709797,6.063961801390407
1.7166666666666666,4.5441863335439265,6.079876106166917
1.7333333333333334,4.582422746165243,6.09544350399978
1.75,4.620387627949737,6.110664218652442
1.7666666666666666,4.658078977488597,6.125538292204648
1.7833333333333334,4.695494820231054,6.140065579922268
1.8,4.732633204699779,6.154245744260081
1.8166666666666667,4.7694921989751515,6.168078249018661
1.8333333333333333,4.806069887211179,6.181562353374413
1.85,4.842364366064493,6.19469710558553
1.8666666666666667,4.878373740786261,6.20748133587462
1.8833333333333333,4.914096121345555,6.219913649067636
1.9,4.949529618758261,6.231992417398487
1.9166666666666667,4.984672341229803,6.243715772766468
1.9333333333333333,5.019522390048569,6.255081598252109
1.95,5.054077855265798,6.266087518868617
1.9666666666666666,5.088336811747576,6.276730892840811
1.9833333333333334,5.12229731494607,6.287008802079462
2.0,5.155957396502918,6.2969180420307564
2.0166666666666666,5.189315059390523,6.30645511012555
2.033333333333333,5.222368273571513,6.315616195157579
2.05,5.255114971306044,6.324397165619761
2.066666666666667,5.287553042331739,6.332793557481546
2.0833333333333335,5.319680328377861,6.340800559952148
2.1,5.3514946182815,6.348413002495951
2.1166666666666667,5.38299364271732,6.355625340649301
2.1333333333333333,5.414175068819276,6.362431641329051
2.15,5.4450364939366045,6.36882556548889
2.1666666666666665,5.475575440045096,6.37480035231203
2.183333333333333,5.505789347760243,6.380348802136678
2.2,5.5356755702424865,6.385463258904516
2.216666666666667,5.56523136607311,6.390135589434372
2.2333333333333334,5.5944538927477545,6.394357164282966
2.25,5.623340199843934,6.398118837575844
2.2666666666666666,5.65188722203788,6.401410926305539
2.283333333333333,5.680091770923707,6.404223185984862
2.3,5.7079505274228275,6.406544787996646
2.316666666666667,5.7354600339316875,6.408364296200457
2.3333333333333335,5.76261668630013,6.409669643058441
2.35,5.789416724432329,6.410448101732257
2.3666666666666667,5.81585622340762,6.41068625991863
2.3833333333333333,5.841931084509343,6.410369993594763
2.4,5.86763702593139,6.409484440002335
2.4166666666666665,5.892969572096017,6.408013966887307
2.433333333333333,5.917924043318867,6.405942143239964
2.45,5.942495545594194,6.403251710743383
2.466666666666667,5.966678959970022,6.3999245544758585
2.4833333333333334,5.990468930405488,6.395941670012973
2.5,6.013859851934437,6.39128313220389
2.5166666666666666,6.036845859163358,6.385928065462144
2.533333333333333,6.059420814226716,6.37985461326833
2.55,6.08157829329107,6.373039904870366
2.566666666666667,6.1033115730768674,6.365460023225639
2.5833333333333335,6.124613618202708,6.357089975976741
2.6,6.145477067968021,6.347903665852018
2.6166666666666667,6.165894220880078,6.337873857285279
2.6333333333333333,6.185857020485015,6.326972147558847
2.65,6.205357041161304,6.315168939089914
2.6666666666666665,6.224385474564905,6.302433413930969
2.683333333333333,6.242933111516208,6.288733501300314
2.7,6.260990327952651,6.274035855140726
2.716666666666667,6.2785470701422454,6.258305831209228
2.7333333333333334,6.29559283875147,6.241507463803583
2.75,6.312116671068172,6.223603442528309
2.7666666666666666,6.32810712727196,6.204555097038195
2.783333333333333,6.343552272108666,6.184322377092272
2.8,6.35843966117095,6.162863841091145
2.816666666666667,6.372756323129382,6.1401366426935855
2.8333333333333335,6.3864887439863205,6.116096522724787
2.85,6.399622851239367,6.090697803037729
2.8666666666666667,6.4121439980273305,6.063893384079142
2.8833333333333333,6.424036947601831,6.035634746214806
2.9,6.4352858580415235,6.005871954665422
2.9166666666666665,6.445874266777818,5.974553668895917
2.933333333333333,6.4557850761856646,5.94162715688019
2.95,6.465000539530474,5.90703831429576
2.966666666666667,6.473502247243161,5.870731689236767
2.9833333333333334,6.481271114593268,5.832650511627835
3.0,6.488287368702775,5.792736731452477
3.0166666666666666,6.494530537145637,5.750931063735066
3.033333333333333,6.499979437935373,5.707173039269748
3.05,6.504612170147553,5.661401065077039
3.066666666666667,6.508406105808366,5.613552492758651
3.0833333333333335,6.5113378828980135,5.56356369804485
3.1,6.513383399919998,5.511370174714038
3.1166666666666667,6.514517812597687,5.4569066341183685
3.1333333333333333,6.514715532035761,5.400107119959419
3.15,6.513950224819043,5.340905134184486
3.1666666666666665,6.512194815517684,5.279233790256658
3.183333333333333,6.5094214919751705,5.215025974162726
3.2,6.50560171310971,5.148214524675008
3.216666666666667,6.500706219622977,5.078732434493789
3.2333333333333334,6.4947050479527935,5.006513074199749
3.25,6.487567549377661,4.931490460198109
3.2666666666666666,6.479262411976166,4.853599530680366
3.283333333333333,6.469757687483834,4.772776461938198
3.3,6.459020822393918,4.688959013708042
3.316666666666667,6.447018697026717,4.602086942475006
3.3333333333333335,6.43371767095373,4.512102459028383
3.35,6.419083633783361,4.418950725947285
3.3666666666666667,6.403082064741432,4.322580430719154
3.3833333333333333,6.385678100132021,4.222944425127844
3.4,6.366836618249145,4.120000522061483
3.4166666666666665,6.346522330004394,4.01371234388771
3.433333333333333,6.324699884695266,3.904050318551546
3.45,6.301333990348912,3.790992823023785
3.466666666666667,6.276389557179015,3.674527563634407
3.4833333333333334,6.249831868875916,3.5546532588765545
3.5,6.2216267701781796,3.4313815317721588
3.5166666666666666,6.191740890676348,3.304739226199482
3.533333333333333,6.160141899787112,3.1747711207999445
3.55,6.126798824125045,3.041543449743032
3.566666666666667,6.09168243289959,2.9051485058872712
3.5833333333333335,6.054765678742809,2.765709209450248
3.6,6.01602421915889,2.6233859547619147
3.6166666666666667,5.97543705817123,2.478385002250266
3.6333333333333333,5.932987353651568,2.3309689885700813
3.65,5.888663419552463,2.181469701439199
3.6666666666666665,5.842459902219098,2.0303049249014804
3.683333333333333,5.794379279152022,1.877999252807814
3.7,5.744433758402774,1.7252093763966927
3.716666666666667,5.692647551101139,1.57275384751398
3.7333333333333334,5.639059626964255,1.4216451284335228
3.75,5.583727019468307,1.2731196048618736
3.7666666666666666,5.526728458729526,1.1286526077375043
3.783333333333333,5.468167870670761,0.9899400163069106
3.8,5.408177200556904,0.8588224401354118
3.816666666666667,5.346917235945452,0.7371304181382914
3.8333333333333335,5.284575271426666,0.6264605412047934
3.85,5.221358811255452,0.5279368168442466
3.8666666666666667,5.15748597968234,0.4420448609523295
3.8833333333333333,5.093174311806087,0.3685996904864829
3.9,5.028630366266227,0.3068495491670951
3.9166666666666665,4.964041940837284,0.2556572616758025
3.933333333333333,4.899573565910819,0.2136923061980795
3.95,4.835364993231731,0.1795880784949401
3.966666666666667,4.771531898516247,0.1520487547983655
3.9833333333333334,4.708167941456372,0.1299094442909174
4.0,4.645347480528532,0.1121613016162258
4.016666666666667,4.58312846809108,0.097953610343136
4.033333333333333,4.521555215462788,0.0865828669481716
4.05,4.460660880378166,0.0774756246339268
4.066666666666666,4.400469616314426,0.0701693840331217
4.083333333333333,4.340998377601869,0.0642940356872385
4.1,4.282258405945723,0.0595550658133943
4.116666666666666,4.224256437160917,0.0557190324615852
4.133333333333334,4.166995669784015,0.0526013716222436
4.15,4.110476537323635,0.0500563656089819
4.166666666666667,4.054697319462229,0.047969019323573
4.183333333333334,3.9996546244675697,0.046248548503442
4.2,3.945343768435357,0.0448232061715118
4.216666666666667,3.8917590730073135,0.0436361955503231
4.233333333333333,3.838894098906533,0.0426424547210998
4.25,3.786741828903043,0.0418061366158482
4.266666666666667,3.7352948113286177,0.0410986362569818
4.283333333333333,3.684545272658671,0.0404970488322246
4.3,3.634485205897919,0.0399829652649931
4.316666666666666,3.5851064401193815,0.0395415302824
4.333333333333333,3.5364006951916913,0.0391607060172934
4.35,3.4883596249520186,0.0388306950039996
4.366666666666666,3.440974851308753,0.038543487344691
4.383333333333334,3.3942379911998883,0.038292504780567
4.4,3.3481406779501497,0.0380723199025444
4.416666666666667,3.302674578186029,0.0378784342460427
4.433333333333334,3.2578314052409683,0.0377071022872295
4.45,3.2136029297754236,0.0375551913408936
4.466666666666667,3.1699809881700878,0.0374200697366767
4.483333333333333,3.126957489146765,0.0372995171374867
4.5,3.0845244189612178,0.0371916524133815
4.516666666666667,3.042673845452387,0.037094875330831
4.533333333333333,3.001397921171956,0.0370078191894036
4.55,2.9606888857401663,0.0369293125220432
4.566666666666666,2.920539067616704,0.0368583474456836
4.583333333333333,2.8809408853688674,0.0367940537609722
4.6,2.8418868485260202,0.0367356776986909
4.616666666666666,2.803369558095417,0.0366825643552085
4.633333333333334,2.765381706824773,0.0366341428213392
4.65,2.727916079221221,0.0365899140410376
4.666666666666667,2.690965551389517,0.0365494405634559
4.683333333333334,2.654523090719615,0.036512337870264
4.7,2.618581755442772,0.0364782671407816
4.716666666666667,2.5831346940849813,0.0364469290873644
4.733333333333333,2.5481751448347403,0.0364180587061567
4.75,2.513696434837656,0.0363914208355985
4.766666666666667,2.479691979433564,0.0363668063413914
4.783333333333333,2.4461552813456677,0.0363440288452525
4.8,2.413079929830195,0.0363229219211194
4.816666666666666,2.380459599794913,0.0363033366710973
4.833333333333333,2.348288050892417,0.0362851396309618
4.85,2.316559126593488,0.0362682109572858
4.866666666666666,2.285266753242954,0.0362524428491682
4.883333333333334,2.2544049391001426,0.0362377381680305
4.9,2.223967773383847,0.0362240092515097
4.916666666666667,2.193949425342093,0.0362111769136835
4.933333333333334,2.164344143235887,0.0361991694121977
4.95,2.1351462533768473,0.0361879216963955
4.966666666666667,2.106350159135902,0.0361773747242972
4.983333333333333,2.077950340033572,0.0361674748455989
5.0,2.049941350733545,0.0361581731855069
5.016666666666667,2.0223178200983956,0.0361494251764475
5.033333333333333,1.995074450259039,0.0361411901624657
5.05,1.9682060155922776,0.0361334309863682
5.066666666666666,1.941707361833789,0.0361261136403517
5.083333333333333,1.9155734051505813,0.0361192069692699
5.1,1.8897991312377447,0.0361126824082565
5.116666666666666,1.8643795943386527,0.0361065137232638
5.133333333333334,1.8393099163569044,0.0361006767940257
5.15,1.814585285980485,0.0360951494268922
5.166666666666667,1.7902009578034386,0.0360899111814513
5.183333333333334,1.7661522514322545,0.0360849432098897
5.2,1.742434550572409,0.0360802281076038
5.216666666666667,1.7190433022148903,0.0360757497954479
5.233333333333333,1.6959740157873195,0.0360714934042465
5.25,1.6732222623302173,0.0360674451720888
5.266666666666667,1.6507836736027892,0.0360635923426152
5.283333333333333,1.6286539412966172,0.0360599230856148
5.3,1.606828816236357,0.036056426420997
5.316666666666666,1.5853041075917775,0.0360530921495585
5.333333333333333,1.564075682060382,0.0360499107869568
5.35,1.5431394630668216,0.0360468735052897
5.366666666666666,1.522491430026066,0.0360439720835138
5.383333333333334,1.502127617584671,0.0360411988595451
5.4,1.4820441148750516,0.0360385466868057
5.416666666666667,1.462237064731398,0.0360360088923463
5.433333333333334,1.442702662977797,0.0360335792415053
5.45,1.4234371577218399,0.0360312519058036
5.466666666666667,1.4044368486617995,0.0360290214334292
5.483333333333333,1.3856980863157415,0.0360268827186754
5.5,1.3672172713575745,0.0360248309776205
5.516666666666667,1.3489908539468025,0.0360228617253997
5.533333333333333,1.3310153330709111,0.0360209707551849
5.55,1.3132872558253244,0.036019154116766
5.566666666666666,1.2958032167648204,0.0360174080988576
5.583333333333333,1.2785598572774657,0.0360157292130833
5.6,1.26155386495686,0.0360141141787696
5.616666666666666,1.2447819729381997,0.0360125599079273
5.633333333333334,1.2282409592592007,0.036011063491956
5.65,1.211927646277409,0.0360096221902957
5.666666666666667,1.1958389000711587,0.0360082334193085
5.683333333333334,1.1799716298270615,0.0360068947416179
5.7,1.1643227872147355,0.0360056038560429
5.716666666666667,1.148889365841595,0.036004358589418
5.733333333333333,1.1336684006830837,0.0360031568884002
5.75,1.118656967515333,0.036001996811788
5.766666666666667,1.103852182309591,0.0360008765228883
5.783333333333333,1.0892512007177904,0.0359997942835004
5.8,1.0748512175328648,0.0359987484478407
5.816666666666666,1.0606494661602526,0.0359977374569196
5.833333333333333,1.0466432180378447,0.0359967598327624
5.85,1.03282978214589,0.0359958141738864
5.866666666666666,1.019206504498028,0.0359948991507734
5.883333333333334,1.0057707676458667,0.0359940135016879
5.9,0.9925199901295438,0.0359931560283124
5.916666666666667,0.9794516260060862,0.0359923255922752
5.933333333333334,0.9665631643716507,0.0359915211117639
5.95,0.9538521288936287,0.0359907415583653
5.966666666666667,0.9413160772967576,0.0359899859537863
5.983333333333333,0.9289526009042236,0.0359892533671304
6.0,0.9167593241916303,0.0359885429123623
6.016666666666667,0.9047339043415877,0.0359878537458832
6.033333333333333,0.8928740307692152,0.0359871850640834
6.05,0.8811774246714922,0.0359865361011708
6.066666666666666,0.8696418386123304,0.0359859061272686
6.083333333333333,0.8582650560980315,0.0359852944465425
6.1,0.8470448911398213,0.0359847003953689
6.116666666666666,0.8359791878130267,0.0359841233406041
6.133333333333334,0.8250658198696356,0.035983562678147
6.15,0.8143026903345366,0.0359830178314936
6.166666666666667,0.8036877311007794,0.0359824882503597
6.183333333333334,0.793218902502345,0.0359819734093157
6.2,0.782894192949469,0.0359814728066934
6.216666666666667,0.7727116185461032,0.035980985963479
6.233333333333333,0.7626692227135856,0.0359805124222798
6.25,0.7527650757803938,0.0359800517462663
6.266666666666667,0.7429972746361359,0.0359796035183438
6.283333333333333,0.7333639423703295,0.035979167340322
6.3,0.72386322792066,0.0359787428321499
6.316666666666666,0.7144933056828,0.0359783296311249
6.333333333333333,0.7052523751791245,0.0359779273912805
6.35,0.6961386607191469,0.0359775357827912
6.366666666666666,0.6871504110682424,0.0359771544914305
6.383333333333334,0.6782858990808592,0.0359767832180224
6.4,0.6695434213801961,0.0359764216780224
6.416666666666667,0.6609212980403409,0.035976069601136
6.433333333333334,0.6524178722722408,0.0359757267309816
6.45,0.6440315100825835,0.035975392824775
6.466666666666667,0.6357605999613205,0.035975067653106
6.483333333333333,0.6276035525853655,0.0359747509997722
6.5,0.6195588005193379,0.0359744426616533
6.516666666666667,0.6116247979011583,0.0359741424486371
6.533333333333333,0.6038000201356074,0.0359738501836263
6.55,0.5960829636185507,0.0359735657026095
6.566666666666666,0.5884721454522446,0.0359732888547862
6.583333333333333,0.5809661031541612,0.0359730195027669
6.6,0.5735633943594642,0.0359727575228809
6.616666666666666,0.5662625965624962,0.0359725028055392
6.633333333333334,0.559062306846797,0.0359722552556837
6.65,0.5519611416145569,0.0359720147933326
6.666666666666667,0.5449577362996557,0.0359717813543016
6.683333333333334,0.5380507451241496,0.0359715548909604
6.7,0.531238840842541,0.0359713353731254
6.716666666666667,0.5245207144897118,0.0359711227890722
6.733333333333333,0.5178950751063551,0.0359709171468369
6.75,0.511360649507759,0.0359707184755287
6.766666666666667,0.5049161820426393,0.0359705268268427
6.783333333333333,0.49856043435726544,0.0359703422767235
6.8,0.49229218513400724,0.0359701649274812
6.816666666666666,0.48611022987123637,0.0359699949098952
6.833333333333333,0.48001338065373184,0.0359698323856159
6.85,0.4740004659410117,0.0359696775496184
6.866666666666666,0.4680703303053732,0.0359695306335787
6.883333333333334,0.4622218342305019,0.0359693919089885
6.9,0.4564538538994552,0.0359692616906184
6.916666666666667,0.45076528098205015,0.0359691403403081
6.933333333333334,0.4451550223964537,0.0359690282717523
6.95,0.4396220001182537,0.0359689259548751
6.966666666666667,0.4341651509823475,0.0359688339205994
6.983333333333333,0.42878342647335155,0.0359687527662664
7.0,0.42347579250604006,0.0359686831619753
7.016666666666667,0.4182412292475983,0.0359686258561885
7.033333333333333,0.41307873092960584,0.0359685816818361
7.05,0.40798730564723257,0.0359685515632576
7.066666666666666,0.4029659751478947,0.0359685365241916
7.083333333333333,0.3980137746720287,0.0359685376933732
7.1,0.39312975276620915,0.0359685563120991
7.116666666666666,0.3883129710956629,0.035968593741488
7.133333333333334,0.38356250426781674,0.035968651469404
7.15,0.37887743965598725,0.0359687311171924
7.166666666666667,0.3742568772258894,0.0359688344457502
7.183333333333334,0.36969992936463475,0.0359689633611358
7.2,0.3652057207121629,0.0359691199195053
7.216666666666667,0.3607733879950798,0.0359693063309793
7.233333333333333,0.3564020798629989,0.0359695249625286
7.25,0.3520909567266934,0.0359697783397884
7.266666666666667,0.34783919059885604,0.0359700691476226
7.283333333333333,0.3436459649371046,0.0359704002295165
7.3,0.3395104744861548,0.0359707745856735
7.316666666666666,0.33543192513583453,0.0359711953701261
7.333333333333333,0.3314095337587416,0.0359716658906594
7.35,0.3274425280587869,0.0359721895978493
7.366666666666666,0.3235301464363455,0.0359727700849118
7.383333333333334,0.3196716378363723,0.0359734110854352
7.4,0.3158662616092631,0.0359741164667583
7.416666666666667,0.31211328736211763,0.0359748902287977
7.433333333333334,0.3084119948275696,0.0359757365021069
7.45,0.3047616737243821,0.0359766595494208
7.466666666666667,0.3011616236213148,0.0359776637674897
7.483333333333333,0.29761115380411163,0.0359787536917265
7.5,0.2941095831440129,0.03597993400367
7.516666666666667,0.2906562399683952,0.0359812095402622
7.533333333333333,0.2872504619332086,0.0359825853064339
7.55,0.2838915958974477,0.0359840664902909
7.566666666666666,0.28057899779963663,0.0359856584800159
7.583333333333333,0.27731203253629766,0.035987366884094
7.6,0.2740900738424489,0.0359891975536754
7.616666666666666,0.27091250417414947,0.0359911566068597
7.633333333333334,0.26777871459306823,0.0359932504556073
7.65,0.2646881046531076,0.035995485834504
7.666666666666667,0.2616400822890883,0.0359978698314362
7.683333333333334,0.2586340637074815,0.0360004099204232
7.7,0.2556694732792101,0.036003113996266
7.716666666666667,0.2527457434345159,0.036005990411156
7.733333333333333,0.2498623145598942,0.0360090480133822
7.75,0.24701863489710796,0.0360122961880862
7.766666666666667,0.244214160444285,0.0360157449002697
7.783333333333333,0.24144835485910773,0.0360194047402282
7.8,0.23872068936411003,0.0360232869715519
7.816666666666666,0.23603064265409573,0.0360274035819632
7.833333333333333,0.2333777008056983,0.0360317673372457
7.85,0.23076135718910673,0.0360363918385432
7.866666666666666,0.228181112381985,0.0360412915833711
7.883333333333334,0.22563647408562093,0.0360464820306964
7.9,0.22312695704334276,0.0360519796704763
7.916666666666667,0.22065208296125055,0.0360578020980942
7.933333333333334,0.21821138043131355,0.036063968094156
7.95,0.21580438485690315,0.0360704977101817
7.966666666666667,0.21343063838080958,0.0360774123606916
7.983333333333333,0.2110896898158426,0.0360847349223747
8.0,0.20878109457808763,0.0360924898409394
8.016666666666667,0.20650441462292046,0.0361007032463769
8.033333333333333,0.20425921838387648,0.0361094030774173
8.05,0.2020450807145444,0.0361186192161757
8.066666666666666,0.19986158283351455,0.0361283836335342
8.083333333333334,0.19770831227264257,0.0361387305468187
8.1,0.19558486282872092,0.0361496965905128
8.116666666666667,0.19349083451876764,0.0361613210013505
8.133333333333333,0.1914258335391395,0.0361736458192837
8.15,0.18938947222859995,0.0361867161053486
8.166666666666666,0.18738136903578265,0.0362005801790585
8.183333333333334,0.18540114849110273,0.036215289875926
8.2,0.18344844118354892,0.0362309008279606
8.216666666666667,0.18152288374262698,0.0362474727691744
8.233333333333333,0.17962411882584053,0.0362650698683657
8.25,0.17775179511210432,0.0362837610921442
8.266666666666667,0.17590556730151835,0.036303620601035
8.283333333333333,0.17408509612201178,0.03632472818214
8.3,0.1722900483433827,0.0363471697220225
8.316666666666666,0.17052009679933894,0.0363710377239513
8.333333333333334,0.1687749204181966,0.0363964318741468
8.35,0.16705420426297968,0.0364234596621837
8.366666666666667,0.16535763958171953,0.0364522370611902
8.383333333333333,0.1636849238688716,0.0364828892743969
8.4,0.16203576093884356,0.0365155515550949
8.416666666666666,0.16040986101275312,0.0365503701080377
8.433333333333334,0.15880694081965172,0.0365875030813
8.45,0.15722672371360294,0.0366271216586878
8.466666666666667,0.1556689398081391,0.0366694112639078
8.483333333333333,0.154133326129827,0.0367145728893982
8.5,0.15261962679284985,0.0367628245640338
8.516666666666667,0.15112759319675223,0.036814402975866
8.533333333333333,0.14965698424974,0.0368695652681748
8.55,0.1482075666202278,0.0369285910294248
8.566666666666666,0.14677911501963437,0.036991784500344
8.583333333333334,0.14537141251981456,0.0370594770246688
8.6,0.1439842509089239,0.0371320297734167
8.616666666666667,0.1426174310899947,0.037209836776706
8.633333333333333,0.14127076352704,0.0372933283018786
8.65,0.13994406874412355,0.0373829746219775
8.666666666666666,0.13863717788353896,0.0374792902248767
8.683333333333334,0.13734993333004525,0.0375828385205364
8.7,0.1360821894090313,0.0376942371121111
8.716666666666667,0.1348338131675376,0.0378141637062361
8.733333333333333,0.13360468524828228,0.037943362748963
8.75,0.13239470086821753,0.0380826528865773
8.766666666666667,0.1312037709147847,0.0382329353659777
8.783333333333333,0.13003182317485523,0.0383952035061315
8.8,0.12887880371350594,0.0385705533930733
8.816666666666666,0.12774467842224552,0.0387601959747421
8.833333333333334,0.12662943475921323,0.0389654707596951
8.85,0.12553308370710498,0.0391878613559769
8.866666666666667,0.12445566197863353,0.0394290131273174
8.883333333333333,0.12339723450370424,0.0396907532852013
8.9,0.12235789723778703,0.0399751137914228
8.916666666666666,0.12133778033711926,0.0402843575090465
8.933333333333334,0.12033705175368473,0.040621008111842
8.95,0.11935592131104261,0.0409878843492959
8.966666666666667,0.1183946453324194,0.0413881393759423
8.983333333333333,0.11745353190397616,0.0418253059649101
9.0,0.11653294686962105,0.0423033485781109
9.016666666666667,0.11563332067012264,0.0428267234440572
9.033333333333333,0.11475515615843729,0.0434004479885671
9.05,0.1138990375455649,0.0440301812154707
9.066666666666666,0.11306564065778846,0.0447223169214517
9.083333333333334,0.11225574471772583,0.0454840919703167
9.1,0.11147024589884068,0.0463237122586508
9.116666666666667,0.11071017294694183,0.0472504994779667
9.133333333333333,0.10997670521415412,0.0482750623390615
9.15,0.10927119351200282,0.0494094965737382
9.166666666666666,0.10859518426223233,0.0506676187796883
9.183333333333334,0.10795044750819799,0.052065240032223
9.2,0.10733900944785475,0.0536204861480102
9.216666666666667,0.10676319026289931,0.0553541725392383
9.233333333333333,0.10622564814856471,0.0572902427088629
9.25,0.10572943059522127,0.0594562805441145
9.266666666666667,0.1052780341351059,0.0618841075542959
9.283333333333333,0.10487547394160926,0.0646104768848653
9.3,0.10452636484718007,0.0676778760315084
9.316666666666666,0.10423601551573039,0.0711354492340308
9.333333333333334,0.10401053764438399,0.0750400479041583
9.35,0.10385697214293262,0.0794574122219761
9.366666666666667,0.10378343419566698,0.0844634779915004
9.383333333333333,0.10379927887507014,0.0901457884058888
9.4,0.10391528844849691,0.0966049686928367
9.416666666666666,0.10414388156582852,0.1039561908110159
9.433333333333334,0.10449934298039945,0.112330514065923
9.45,0.10499807015931105,0.1218759372423177
9.466666666666667,0.1056588303431361,0.1327579324742983
9.483333333333333,0.10650301598276134,0.1451591748419072
9.5,0.10755488356851145,0.1592781782209084
9.516666666666667,0.10884175550669249,0.1753264199548123
9.533333333333333,0.11039415668113656,0.1935237819634513
9.55,0.11224585913519174,0.2140921017193345
9.566666666666666,0.11443380382208602,0.2372469812915139
9.583333333333334,0.11699787564438013,0.2631882615517146
9.6,0.11998051874337116,0.292089940140825
9.616666666666667,0.12342619210375416,0.3240905166831402
9.633333333333333,0.12738068357525628,0.3592848676830592
9.65,0.13189031835654477,0.3977186318196865
9.666666666666666,0.13700111136750012,0.4393857107421878
9.683333333333334,0.14275791702269244,0.4842290618157261
9.7,0.14920362942533363,0.5321445185519206
9.716666666666667,0.15637847723480386,0.5829869815444314
9.733333333333333,0.16431944772939375,0.6365781484050085
9.75,0.17305984805878472,0.6927148793899581
9.766666666666667,0.18262901523126776,0.7511775380582382
9.783333333333333,0.1930521625610234,0.811737644487124
9.8,0.20435034643415428,0.8741645269466559
9.816666666666666,0.21654053447310642,0.9382307738120907
9.833333333333334,0.22963575252931168,1.0037164653538255
9.85,0.24364528995272206,1.0704122617214678
9.866666666666667,0.2585749448253003,1.13812147285803
9.883333333333333,0.27442729265078114,1.206661286395539
9.9,0.29120196592496445,1.2758633136139823
9.916666666666666,0.30889593423722955,1.3455736222281682
9.933333333333334,0.32750377789621277,1.4156523814388866
9.95,0.3470179494559357,1.485973246487718
9.966666666666667,0.3674290199678768,1.5564225713494844
9.983333333333333,0.3887259078821811,1.6268985246733394
10.0,0.4108960897681705,1.6973101622052922
10.016666666666667,0.43392579268654524,1.7675764967370031
10.033333333333333,0.45780016870052,1.8376255930375611
10.05,0.4825034523310605,1.9073937060063797
10.066666666666666,0.5080191020182641,1.9768244733782163
10.083333333333334,0.5343299267675887,2.0458681688404914
10.1,0.5614181991955859,2.114481017615747
10.116666666666667,0.589265756212055,2.1826245739869097
10.133333333333333,0.6178540885041346,2.2502651584385687
10.15,0.647164419914905,2.3173733510743246
10.166666666666666,0.6771777778670227,2.383923536802263
10.183333333333334,0.707875055576434,2.4498934990930894
10.2,0.7392370671239117,2.5152640565914925
10.216666666666667,0.7712445960310271,2.5800187394965235
10.233333333333333,0.8038784381773565,2.6441435007577465
10.25,0.83711943954263,2.707626459290517
10.266666666666667,0.8709485294567642,2.7704576710449813
10.283333333333333,0.905346749805743,2.832628925163672
10.3,0.9402952806265709,2.894133562499968
10.316666666666666,0.9757754625506582,2.954966313596109
10.333333333333334,1.0117688163634755,3.015123154390335
10.35,1.0482570600655479,3.074601177215214
10.366666666666667,1.085222123667058,3.1333984755825437
10.383333333333333,1.122646161968149,3.1915140411572795
10.4,1.160511565566581,3.248947671384788
10.416666666666666,1.1988009702433051,3.305699886817227
10.433333333333334,1.2374972649402498,3.361771856801361
10.45,1.2765835984511373,3.4171653327722145
10.466666666666667,1.3160433849732645,3.4718825882420683
10.483333333333333,1.3558603086467222,3.52592636471519
10.5,1.3960183271694124,3.5792998229905275
10.516666666666667,1.4365016746073116,3.632006499143046
10.533333333333333,1.4772948634648493,3.684050264794411
10.55,1.5183826861041474,3.735435291156723
10.566666666666666,1.5597502155822442,3.78616601645988
10.583333333333334,1.6013828059537913,3.836247116471233
10.6,1.6432660921109976,3.885683477705376
10.616666666666667,1.685385989202346,3.934480173113617
10.633333333333333,1.7277286916770156,3.982642439959839
10.65,1.7702806719882462,4.030175659745912
10.666666666666666,1.8130286789997316,4.07708533989058
10.683333333333334,1.8559597361253108,4.123377097034494
10.7,1.8990611392290433,4.169056641839701
10.716666666666667,1.9423204543136436,4.214129765093984
10.733333333333333,1.9857255150258355,4.258602325012312
10.75,2.0292644199830083,4.302480235706685
10.766666666666667,2.0729255299663953,4.345769456536115
10.783333333333333,2.116697464978323,4.388475982428305
10.8,2.1605691011871495,4.4306058350212485
10.816666666666666,2.2045295677750114,4.472165054521449
10.833333333333334,2.2485682436992356,4.513159692265679
10.85,2.2926747543800285,4.553595803902406
10.866666666666667,2.3368389683264987,4.593479443126059
10.883333333333333,2.3810509937091457,4.632816655940923
10.9,2.425301174888697,4.671613475396794
10.916666666666666,2.469580088909295,4.709875916750966
10.933333333333334,2.5138785419630816,4.747609973029312
10.95,2.5581875658330286,4.784821610951385
10.966666666666667,2.6024984143201046,4.821516767182906
10.983333333333333,2.6468025596600966,4.857701344893849
11.0,2.691091688935111,4.893381210594805
11.016666666666667,2.73535770048426,4.928562191226901
11.033333333333333,2.779592700317541,4.963250071485935
11.05,2.823788998536566,4.997450591360215
11.066666666666666,2.8679391057654677,5.03116944386392
11.083333333333334,2.912035729594912,5.0644122729501255
11.1,2.9560717710415716,5.097184671587879
11.116666666666667,3.0000403209764666,5.129492179976074
11.133333333333333,3.043934656670615,5.1613402839247
11.15,3.087748238477195,5.192734413449897
11.166666666666666,3.1314747061111334,5.2236799411384425
11.183333333333334,3.1751078753203297,5.254182180965097
11.2,3.2186417344743745,5.284246387169582
11.216666666666667,3.2620704410855863,5.313877753105154
11.233333333333333,3.3053883189099236,5.343081410281558
11.25,3.3485898540879173,5.371862427160147
11.266666666666667,3.391669692003945,5.400225808425505
11.283333333333333,3.434622634124422,5.428176494184676
11.3,3.477443634800887,5.455719359138593
11.316666666666666,3.5201277980713472,5.482859211784236
11.333333333333334,3.562670374289626,5.509600793697629
11.35,3.6050667571713233,5.535948778909034
11.366666666666667,3.6473124807088517,5.561907773243763
11.383333333333333,3.6894032161783534,5.587482313704541
11.4,3.7313347688662524,5.612676867825519
11.416666666666666,3.773103075177074,5.637495833112946
11.433333333333334,3.814704199718445,5.661943536474597
11.45,3.8561343324109134,5.68602423365959
11.466666666666667,3.89738978548034,5.709742108676819
11.483333333333333,3.9384669904998795,5.733101273216795
11.5,3.9793624956770723,5.756105766110041
11.516666666666667,4.020072963050517,5.778759552758555
11.533333333333333,4.060595165717796,5.801066524561025
11.55,4.100925984903344,5.823030498284957
11.566666666666666,4.141062407333285,5.8446552154736295
11.583333333333334,4.181001522580038,5.865944341833924
11.6,4.22074052045705,5.88690146661274
11.616666666666667,4.260276688114339,5.907530101866984
11.633333333333333,4.299607407542935,5.927833681787553
11.65,4.338730153022033,5.947815561986784
11.666666666666666,4.377642488616994,5.967479018767046
11.683333333333334,4.416342065408998,5.9868272482658815
11.7,4.454826619021476,6.005863365631106
11.716666666666667,4.493093967187262,6.02459040417199
11.733333333333333,4.531142007314417,6.043011314468515
11.75,4.568968713871842,6.06112896335954
11.766666666666667,4.606572135897017,6.078946132902289
11.783333333333333,4.643950394674259,6.09646551934863
11.8,4.6811016813492,6.113689732043297
11.816666666666666,4.7180242544520326,6.130621292214731
11.833333333333334,4.754716437379019,6.147262631656303
11.85,4.791176616153175,6.1636160914769
11.866666666666667,4.827403237075263,6.179683920734269
11.883333333333333,4.8633948043503255,6.195468274978934
11.9,4.899149877547473,6.210971214591482
11.916666666666666,4.9346670694033365,6.226194703244378
11.933333333333334,4.969945043497522,6.241140606210004
11.95,5.0049825119424405,6.255810688593192
11.966666666666667,5.039778232825834,6.270206613255273
11.983333333333333,5.074331008012426,6.284329938903697
12.0,5.108639680827888,6.298182118003519
12.016666666666667,5.142703133771715,6.3117644946174645
12.033333333333333,5.176520285939656,6.325078301837855
12.05,5.210090090775857,6.338124659393293
12.066666666666666,5.243411533745271,6.350904571077663
12.083333333333334,5.276483630023441,6.363418922088293
12.1,5.309305421895306,6.375668475881123
12.116666666666667,5.341875976400135,6.387653871141383
12.133333333333333,5.374194382969752,6.399375618626722
12.15,5.4062597510416275,6.410834097855041
12.166666666666666,5.4380712074248905,6.422029553288111
12.183333333333334,5.469627893773379,6.432962090458645
12.2,5.500928964157449,6.443631672097306
12.216666666666667,5.531973582547233,6.454038113985133
12.233333333333333,5.562760920115842,6.464181080333381
12.25,5.5932901524781,6.4740600788149365
12.266666666666667,5.62356045714678,6.483674455795279
12.283333333333333,5.653571010832947,6.493023391128671
12.3,5.683320986625894,6.502105892531949
12.316666666666666,5.712809550946898,6.5109207892471135
12.333333333333334,5.742035860813073,6.519466726115832
12.35,5.770999060896219,6.527742157058724
12.366666666666667,5.799698280502898,6.535745338178847
12.383333333333333,5.828132630177191,6.543474319728344
12.4,5.856301198681515,6.550926938699671
12.416666666666666,5.884203049737171,6.558100810669425
12.433333333333334,5.911837218714984,6.564993321311748
12.45,5.939202708805093,6.571601616298945
12.466666666666667,5.9662984875991265,6.577922591998214
12.483333333333333,5.993123483425207,6.583952885336139
12.5,6.019676581626618,6.58968886330955
12.516666666666667,6.045956620214554,6.595126610471151
12.533333333333333,6.071962385903568,6.600261917232752
12.55,6.097692609934374,6.605090267387289
12.566666666666666,6.123145963804541,6.609606825186805
12.583333333333334,6.148321054296592,6.613806420077258
12.6,6.173216418791857,6.617683532071073
12.616666666666667,6.197830520460093,6.621232276608092
12.633333333333333,6.222161743274409,6.62444638875127
12.65,6.246208386319872,6.627319205001784
12.666666666666666,6.269968658161752,6.629843645157812
12.683333333333334,6.293440671280579,6.632012194340435
12.7,6.316622436199843,6.633816883992636
12.716666666666667,6.339511854929355,6.635249270631896
12.733333333333333,6.362106714200616,6.6363004139362864
12.75,6.384404678989101,6.636960855837454
12.766666666666667,6.406403285604602,6.6372205982880885
12.783333333333333,6.428099934115053,6.637069078999279
12.8,6.4494918802626575,6.636495145790529
12.816666666666666,6.470576227943824,6.635487032978571
12.833333333333334,6.491349921088646,6.634032336083343
12.85,6.511809734951687,6.632117984995212
12.866666666666667,6.531952266577689,6.629730215090974
12.883333333333333,6.551773926090289,6.626854541309126
12.9,6.571270927290705,6.623475730554708
12.916666666666666,6.590439277695982,6.6195777729526135
12.933333333333334,6.609274767440281,6.61514385057657
12.95,6.627772959352029,6.610156310230671
12.966666666666667,6.645929178175128,6.604596634411183
12.983333333333333,6.6637384994121,6.598445411924693
13.0,6.681195736544283,6.591682305233375
13.016666666666667,6.698295429953344,6.584286023268452
13.033333333333333,6.715031834897511,6.5762342924939645
13.05,6.731398908889088,6.567503827402816
13.066666666666666,6.747390297630844,6.558070298948794
13.083333333333334,6.762999322720242,6.547908308268458
13.1,6.778218968661832,6.536991359591271
13.116666666666667,6.793041868722875,6.525291831758518
13.133333333333333,6.807460289781508,6.5127809494957125
13.15,6.8214661192058905,6.499428759916654
13.166666666666666,6.835050850820576,6.485204108128603
13.183333333333334,6.848205568551369,6.470074610304972
13.2,6.860920931370474,6.45400663078644
13.216666666666667,6.873187164834821,6.436965271046449
13.233333333333333,6.8849940356949535,6.418914332642086
13.25,6.896330841013819,6.399816307728164
13.266666666666667,6.907186398201368,6.379632366308655
13.283333333333333,6.917549016874565,6.358322327187591
13.3,6.927406499254104,6.335844661468971
13.316666666666666,6.93674611031356,6.312156466542091
13.333333333333334,6.945554574287928,6.287213470917815
13.35,6.953818046164066,6.260970014971991
13.366666666666667,6.96152210942258,6.233379051378307
13.383333333333333,6.968651754042993,6.204392149032564
13.4,6.975191363310745,6.173959497057055
13.416666666666666,6.9811246994063625,6.142029906788625
13.433333333333334,6.986434889259145,6.108550822248007
13.45,6.991104410797428,6.073468337335481
13.466666666666667,6.995115079329943,6.036727216157
13.483333333333333,6.998448035027978,5.998270916430976
13.5,7.001083730933909,5.958041621135666
13.516666666666667,7.003001921589166,5.915980276040689
13.533333333333333,7.004181652363278,5.872026634262304
13.55,7.0046012506167745,5.826119303779832
13.566666666666666,7.004238315896424,5.778195814267428
13.583333333333334,7.003069713372163,5.728192683210722
13.6,7.001071567841297,5.676045493973466
13.616666666666667,6.998219259166018,5.621688984527015
13.633333333333333,6.994487419184192,5.565057149926457
13.65,6.989849930673769,5.506083361270436
13.666666666666666,6.984279928550914,5.444700492107123
13.683333333333334,6.977749803057875,5.38084106293147
13.7,6.970231205204,5.314437398892769
13.716666666666667,6.961695055438435,5.2454218189253
13.733333333333333,6.952111555522225,5.173726840354747
13.75,6.941450203353716,5.0992854018164655
13.766666666666667,6.929679811459291,5.022031114511493
13.783333333333333,6.9167685292480074,4.941898539808274
13.8,6.902683872182923,4.858823525229783
13.816666666666666,6.887392754029604,4.772743551271745
13.833333333333334,6.8708615251284435,4.683598128186973
13.85,6.853056016361663,4.591329235898683
13.866666666666667,6.833941592096064,4.495881838900331
13.883333333333333,6.813483212918394,4.397204481663893
13.9,6.791645503878716,4.295249927895086
13.916666666666666,6.768392834690824,4.1899759082059225
13.933333333333334,6.743689409560079,4.081345956238691
13.95,6.717499383481406,3.9693304874884143
13.966666666666667,6.689786982790714,3.853907893491802
13.983333333333333,6.660516636004256,3.7350658956806737
14.0,6.629653134726679,3.6128031367637305
14.016666666666667,6.597161863977893,3.487131425812672
14.033333333333333,6.563008962642396,3.358077540053138
14.05,6.527161671685091,3.225686681318826
14.066666666666666,6.489588582534514,3.090024943819861
14.083333333333334,6.450260018743874,2.9511842934192134
14.1,6.409148486576706,2.809288056724838
14.116666666666667,6.366229222006891,2.66449671334002
14.133333333333333,6.321480823020865,2.5170165344204687
14.15,6.274886028289166,2.36711006757711
14.166666666666666,6.226432739222534,2.2151097239808264
14.183333333333334,6.176115223589623,2.0614338907983183
14.2,6.123935595399503,1.906608323872769
14.216666666666667,6.069905713550074,1.7512921165740702
14.233333333333333,6.014049518672186,1.5963080698460297
14.25,5.956405815874954,1.442676158157865
14.266666666666667,5.897031619211442,1.2916447380365843
14.283333333333333,5.8360058660031235,1.1447090252799443
14.3,5.773433176287611,1.0035945225624454
14.316666666666666,5.709446692812645,0.8701816512672068
14.333333333333334,5.6442091427832155,0.7463497142940411
14.35,5.577910551456584,0.633745679119368
14.366666666666667,5.510761922332131,0.5335351243240806
14.383333333333333,5.442985348060808,0.4462256450735379
14.4,5.374802456686062,0.3716316181717489
14.416666666666666,5.306423659967296,0.308980730954766
14.433333333333334,5.23804010321649,0.2571028595510944
14.45,5.169819015756864,0.2146298154257884
14.466666666666667,5.1019021989169655,0.1801581473314331
14.483333333333333,5.034406766662214,0.1523594374054647
14.5,4.967427301291516,0.1300417069907186
14.516666666666667,4.901038672413161,0.1121744493478271
14.533333333333333,4.835299017805697,0.0978902988165584
14.55,4.770252591387386,0.0864732090693204
14.566666666666666,4.7059323151863515,0.0773404700200519
14.583333333333334,4.642361978922091,0.0700228470993974
14.6,4.5795580828952955,0.0641454201180501
14.616666666666667,4.517531354141156,0.0594102786937091
14.633333333333333,4.4562879734125875,0.0555816230421222
14.65,4.395830559643015,0.052473276719981
14.666666666666666,4.336158952492738,0.049938444771252
14.683333333333334,4.277270831512031,0.0478614295675112
14.7,4.2191622037695025,0.0461510061128611
14.716666666666667,4.161827786683857,0.0447351667221771
14.733333333333333,4.105261308265549,0.0435569747582582
14.75,4.0494557421488455,0.0425713091564084
14.766666666666667,3.9944034915817825,0.0417423154063541
14.783333333333333,3.940096533535053,0.0410414128228209
14.8,3.886526531539104,0.0404457398106998
14.816666666666666,3.833684924223182,0.039936939887536
14.833333333333334,3.7815629948210714,0.0395002141808789
14.85,3.7301519258114353,0.0391235812649777
14.866666666666667,3.6794428419648306,0.0387972977265321
14.883333333333333,3.6294268442672184,0.0385134042645556
14.9,3.580095036712193,0.0382653689756195
14.916666666666666,3.5314385474735217,0.0380478064046415
14.933333333333334,3.4834485456377227,0.0378562557345354
14.95,3.4361162544390056,0.037687004932622
14.966666666666667,3.3894329617068544,0.0375369510093951
14.983333333333333,3.343390028100923,0.0374034885054117
15.0,3.297978893579322,0.0372844201593538
15.016666666666667,3.2531910824477217,0.0371778851102056
15.033333333333333,3.2090182072655735,0.0370823009830727
15.05,3.1654519718499747,0.0369963167386535
15.066666666666666,3.1224841735133504,0.0369187745845437
15.083333333333334,3.0801067047076596,0.0368486786907122
15.1,3.0383115541739136,0.0367851695366919
15.116666666666667,2.9970908077096525,0.0367275025809305
15.133333333333333,2.956436648563531,0.0366750311020607
15.15,2.9163413576001487,0.0366271914680509
15.166666666666666,2.8767973132307825,0.0365834909571326
15.183333333333334,2.8377969911526537,0.0365434977412323
15.2,2.799332963947548,0.0365068322867948
15.216666666666667,2.7613979005527485,0.0364731601610576
15.233333333333333,2.723984565627882,0.0364421859774934
15.25,2.6870858188405355,0.0364136481995645
15.266666666666667,2.650694614081097,0.036387314740836
15.283333333333333,2.6148039986207885,0.0363629792086644
15.3,2.579407112224356,0.0363404576693336
15.316666666666666,2.544497186224879,0.0363195858770271
15.333333333333334,2.510067542568692,0.0363002168842901
15.35,2.4761115928368445,0.036282218972793
15.366666666666667,2.442622837247981,0.0362654738635076
15.383333333333333,2.4095948636473317,0.0362498751610874
15.4,2.3770213464770253,0.036235326994551
15.416666666666666,2.3448960457546772,0.0362217428304791
15.433333333333334,2.3132128060551467,0.0362090444847412
15.45,2.281965555475052,0.0361971611711521
15.466666666666667,2.2511483045794636,0.0361860286727934
15.483333333333333,2.2207551453786305,0.0361755886898373
15.5,2.190780250276206,0.0361657882324286
15.516666666666667,2.161217871122754,0.0361565790846013
15.533333333333333,2.132062338090865,0.0361479172357633
15.55,2.1033080587245863,0.0361397625167333
15.566666666666666,2.0749495169554364,0.036132078237818
15.583333333333334,2.0469812720660525,0.0361248308312714
15.6,2.019397957677702,0.0361179895202954
15.616666666666667,1.992194280814873,0.0361115260796615
15.633333333333333,1.9653650209385174,0.0361054145968845
15.65,1.9389050289956244,0.0360996312576375
15.666666666666666,1.9128092263975076,0.0360941541329088
15.683333333333334,1.8870726041285624,0.0360889630222275
15.7,1.8616902218216118,0.0360840392993293
15.716666666666667,1.8366572068606544,0.0360793657746206
15.733333333333333,1.8119687534095372,0.0360749265587088
15.75,1.787620121527739,0.036070706953849
15.766666666666667,1.7636066363057157,0.0360666933546705
15.783333333333333,1.7399236869946155,0.0360628731555277
15.8,1.7165667261340505,0.0360592346653127
15.816666666666666,1.6935312686451516,0.0360557670276856
15.833333333333334,1.6708128910297004,0.0360524601569834
15.85,1.6484072305365096,0.0360493046754011
15.866666666666667,1.626309984355624,0.0360462918569915
15.883333333333333,1.6045169087437257,0.0360434135719003
15.9,1.583023818245026,0.0360406622415703
15.916666666666666,1.5618265849127242,0.0360380307966064
15.933333333333334,1.5409211375293907,0.0360355126376181
15.95,1.5203034608395323,0.0360331015994407
15.966666666666667,1.4999695947232439,0.0360307919152287
15.983333333333333,1.4799156334994101,0.0360285781897643
16.0,1.4601377251895256,0.0360264553721531
16.016666666666666,1.440632070779364,0.0360244187302144
16.033333333333335,1.4213949234404488,0.0360224638253366
16.05,1.4024225878642065,0.0360205864932803
16.066666666666666,1.3837114195633262,0.0360187828247417
16.083333333333332,1.3652578241850548,0.036017049147469
16.1,1.3470582567619964,0.0360153820081305
16.116666666666667,1.3291092210788984,0.0360137781584066
16.133333333333333,1.311407269012335,0.0360122345410587
16.15,1.2939489998877398,0.0360107482771754
16.166666666666668,1.2767310597671684,0.0360093166530026
16.183333333333334,1.2597501408407235,0.036007937109663
16.2,1.2430029808057819,0.0360066072331113
16.216666666666665,1.2264863622605648,0.0360053247448617
16.233333333333334,1.210197112035387,0.0360040874924114
16.25,1.1941321006017924,0.0360028934414724
16.266666666666666,1.1782882414919724,0.0360017406686873
16.283333333333335,1.162662490722004,0.0360006273547544
16.3,1.147251846172996,0.0359995517774896
16.316666666666666,1.1320533470108913,0.0359985123058165
16.333333333333332,1.117064073146237,0.0359975073944597
16.35,1.102281144683801,0.0359965355787767
16.366666666666667,1.0877017213527256,0.0359955954697071
16.383333333333333,1.073323001937369,0.0359946857490786
16.4,1.0591422237734247,0.0359938051656937
16.416666666666668,1.0451566622240944,0.035992952531417
16.433333333333334,1.0313636301533204,0.0359921267174511
16.45,1.0177604773728062,0.035991326650675
16.466666666666665,1.0043445901684334,0.0359905513107065
16.483333333333334,0.9911133908034498,0.0359897997269266
16.5,0.9780643370292588,0.0359890709756961
16.516666666666666,0.9651949215534363,0.0359883641775084
16.533333333333335,0.9525026715906686,0.0359876784947428
16.55,0.9399851483935125,0.0359870131293954
16.566666666666666,0.9276399467951358,0.0359863673209717
16.583333333333332,0.9154646947032162,0.0359857403442823
16.6,0.9034570526698295,0.0359851315076954
16.616666666666667,0.891614713450197,0.035984540151403
16.633333333333333,0.8799354015723772,0.0359839656458067
16.65,0.8684168728612168,0.0359834073898242
16.666666666666668,0.8570569140221791,0.0359828648095071
16.683333333333334,0.8458533422283875,0.0359823373567213
16.7,0.8348040047124834,0.035981824507896
16.716666666666665,0.8239067783247013,0.0359813257627398
16.733333333333334,0.8131595691257676,0.0359808406431336
16.75,0.8025603120023636,0.035980368692133
16.766666666666666,0.7921069702780346,0.0359799094729983
16.783333333333335,0.7817975353060513,0.0359794625682321
16.8,0.7716300260700495,0.0359790275786979
16.816666666666666,0.7616024888258954,0.0359786041228727
16.833333333333332,0.7517129967313808,0.035978191836107
16.85,0.7419596494699978,0.0359777903699132
16.866666666666667,0.7323405728623666,0.0359773993912848
16.883333333333333,0.7228539185305788,0.0359770185821508
16.9,0.7134978635466521,0.0359766476388305
16.916666666666668,0.7042706100835715,0.0359762862715298
16.933333333333334,0.6951703850406434,0.0359759342038473
16.95,0.6861954397262685,0.0359755911724019
16.966666666666665,0.6773440495255213,0.0359752569264681
16.983333333333334,0.6686145135747894,0.0359749312276551
17.0,0.6600051544036718,0.0359746138496015
17.016666666666666,0.6515143176329409,0.0359743045777693
17.033333333333335,0.6431403716611414,0.0359740032092605
17.05,0.6348817073597256,0.0359737095526783
17.066666666666666,0.6267367377338252,0.0359734234280255
17.083333333333332,0.6187038976322056,0.0359731446666836
17.1,0.6107816434531481,0.0359728731114312
17.116666666666667,0.6029684528564936,0.035972608616511
17.133333333333333,0.5952628244460009,0.0359723510477694
17.15,0.587663277488278,0.0359721002828678
17.166666666666668,0.5801683516377841,0.0359718562115496
17.183333333333334,0.5727766066633693,0.0359716187359699
17.2,0.56548662215358,0.0359713877711379
17.216666666666665,0.5582969972423008,0.035971163245453
17.233333333333334,0.5512063503525119,0.035970945101299
17.25,0.5442133189358089,0.0359707332957378
17.266666666666666,0.5373165592004447,0.0359705278013533
17.283333333333335,0.5305147458430962,0.0359703286072587
17.3,0.5238065718100765,0.0359701357201468
17.316666666666666,0.5171907480499166,0.0359699491654985
17.333333333333332,0.5106660032606534,0.0359697689889862
17.35,0.5042310836302389,0.0359695952581661
17.366666666666667,0.4978847526112447,0.0359694280641859
17.383333333333333,0.4916257906936016,0.035969267523668
17.4,0.48545299515915447,0.0359691137809562
17.416666666666668,0.47936517983575677,0.0359689670107735
17.433333333333334,0.4733611748890729,0.0359688274207788
17.45,0.46743982660416683,0.0359686952544509
17.466666666666665,0.46159999715168004,0.0359685707945166
17.483333333333334,0.4558405643604489,0.0359684543667913
17.5,0.45016042151887237,0.0359683463439145
17.516666666666666,0.44455847716999836,0.0359682471494528
17.533333333333335,0.4390336548826732,0.0359681572629448
17.55,0.4335848930464806,0.0359680772250366
17.566666666666666,0.4282111446807331,0.0359680076426192
17.583333333333332,0.4229113772497052,0.0359679491940748
17.6,0.41768457241192997,0.035967902636981
17.616666666666667,0.41252972587451653,0.0359678688130628
17.633333333333333,0.4074458471845147,0.0359678486554546
17.65,0.40243195954086597,0.0359678431955565
17.666666666666668,0.3974870996086965,0.0359678535700722
17.683333333333334,0.3926103173363907,0.035967881028109
17.7,0.38780067577990046,0.0359679269381114
17.716666666666665,0.3830572509023083,0.0359679927956287
17.733333333333334,0.37837913142414176,0.0359680802282469
17.75,0.37376541863816626,0.0359681910026802
17.766666666666666,0.36921522624049,0.0359683270299133
17.783333333333335,0.3647276801621648,0.0359684903699166
17.8,0.3603019184031776,0.0359686832352413
17.816666666666666,0.3559370908688457,0.0359689079936026
17.833333333333332,0.3516323592084923,0.0359691671694092
17.85,0.34738689665636324,0.0359694634439681
17.866666666666667,0.34319988787378825,0.0359697996545156
17.883333333333333,0.3390705287903483,0.0359701787914044
17.9,0.33499802647984067,0.0359706039978058
17.916666666666668,0.3309815989548981,0.0359710785644234
17.933333333333334,0.3270204750661942,0.0359716059216661
17.95,0.3231138943360499,0.0359721896407814
17.966666666666665,0.3192611068156089,0.035972833426727
17.983333333333334,0.3154613729437123,0.0359735411153809
18.0,0.311713963406076,0.0359743166712908
18.016666666666666,0.3080181589976163,0.0359751641861266
18.033333333333335,0.3043732504789926,0.035976087879597
18.05,0.30077853844912555,0.0359770921016725
18.066666666666666,0.2972333332085237,0.035978181338515
18.083333333333332,0.29373695462860455,0.035979360219406
18.1,0.290288732022022,0.0359806335262715
18.116666666666667,0.28688800401454706,0.0359820062073663
18.133333333333333,0.28353411842212256,0.0359834833910158
18.15,0.2802264321260999,0.0359850704042504
18.166666666666668,0.27696431095145446,0.0359867727919959
18.183333333333334,0.273747129548408,0.0359885963397382
18.2,0.2705742712730676,0.0359905470991148
18.216666666666665,0.2674451280741483,0.0359926314134839
18.233333333333334,0.2643591003800966,0.0359948559463725
18.25,0.26131559698664913,0.0359972277125568
18.266666666666666,0.2583140349466284,0.0359997541108236
18.283333333333335,0.2553538394660471,0.0360024429578905
18.3,0.25243444379702334,0.0360053025242321
18.316666666666666,0.24955528913520877,0.036008341573129
18.333333333333332,0.2467158245189174,0.0360115694005308
18.35,0.2439155067303701,0.0360149958776923
18.366666666666667,0.2411538001989411,0.0360186314961863
18.383333333333333,0.23843017690655763,0.0360224874149589
18.4,0.2357441162951748,0.0360265755108362
18.416666666666668,0.23309510517639773,0.0360309084316604
18.433333333333334,0.23048263764325302,0.0360354996528584
18.45,0.22790621498413885,0.0360403635377643
18.466666666666665,0.22536534559899496,0.0360455154018226
18.483333333333334,0.22285954491772278,0.0360509715813088
18.5,0.22038833532093127,0.0360567495068836
18.516666666666666,0.2179512460629407,0.0360628677822424
18.533333333333335,0.2155478131973445,0.0360693462690104
18.55,0.21317757950493801,0.0360762061775682
18.566666666666666,0.21084009442424828,0.0360834701649762
18.583333333333332,0.208534913984689,0.036091162440639
18.6,0.2062616007424201,0.0360993088799992
18.616666666666667,0.204019723719211,0.0361079371479108
18.633333333333333,0.2018088583439982,0.0361170768309784
18.65,0.19962858639774583,0.036126759581718
18.666666666666668,0.19747849596145617,0.0361370192740559
18.683333333333334,0.1953581813676299,0.0361478921720505
18.7,0.1932672431552025,0.0361594171124044
18.716666666666665,0.19120528802836229,0.0361716357031926
18.733333333333334,0.18917192881932923,0.0361845925392346
18.75,0.18716678445534768,0.036198335435882
18.766666666666666,0.18518947993017848,0.0362129156836649
18.783333333333335,0.18323964628038442,0.0362283883251434
18.8,0.181316920566731,0.036244812456366
18.816666666666666,0.17942094586105034,0.0362622515554103
18.833333333333332,0.17755137123896977,0.0362807738405821
18.85,0.17570785177893947,0.0363004526613181
18.866666666666667,0.1738900485680386,0.036321366925054
18.883333333333333,0.17209762871509315,0.0363436015637311
18.9,0.17033026537169474,0.0363672480440384
18.916666666666668,0.1685876377617728,0.036392404925889
18.933333333333334,0.16686943122043926,0.0364191784742124
18.95,0.16517533724291142,0.0364476833297266
18.966666666666665,0.16350505354439887,0.036478043244934
18.983333333333334,0.1618582841319421,0.0365103918924236
19.0,0.16023473938930027,0.0365448737533673
19.016666666666666,0.15863413617610747,0.0365816450950017
19.033333333333335,0.1570561979426521,0.0366208750470196
19.05,0.1555006548617978,0.0366627467880364
19.066666666666666,0.15396724397973152,0.0367074588545547
19.083333333333332,0.15245570938742187,0.0367552265865541
19.1,0.15096580241489357,0.0368062837255712
19.116666666666667,0.14949728185067937,0.0368608841831315
19.133333333333333,0.14804991418907723,0.0369193039997528
19.15,0.14662347390818128,0.0369818435174595
19.166666666666668,0.1452177437820042,0.0370488297916124
19.183333333333334,0.14383251523042306,0.0371206192714953
19.2,0.14246758871114976,0.0371976007830267
19.216666666666665,0.14112277415845723,0.0372801988515176
19.233333333333334,0.13979789147399854,0.0373688774077117
19.25,0.1384927710757499,0.0374641439264131
19.266666666666666,0.1372072545118944,0.0375665540539761
19.283333333333335,0.13594119514737157,0.0376767167890773
19.3,0.13469445893185006,0.0377953002905369
19.316666666666666,0.1334669252590665,0.0379230383968203
19.333333333333332,0.1322584879288596,0.0380607379545731
19.35,0.13106905622477047,0.0382092870679582
19.366666666666667,0.12989855612192122,0.0383696643980173
19.383333333333333,0.1287469316419675,0.0385429496609824
19.4,0.1276141463743593,0.0387303354977885
19.416666666666668,0.12650018518586184,0.0389331409141971
19.433333333333334,0.1254050561437959,0.0391528265241451
19.45,0.12432879268190446,0.03939101186344
19.466666666666665,0.12327145604242673,0.0396494950890065
19.483333333333334,0.12223313803299113,0.039930275428194
19.5,0.12121396414305932,0.040235578804534
19.516666666666666,0.12021409707121546,0.0405678871378598
19.533333333333335,0.11923374072398717,0.0409299719088454
19.55,0.11827314475503753,0.0413249326641768
19.566666666666666,0.1173326097260809,0.041756241277086
19.583333333333332,0.11641249298370016,0.0422277929082329
19.6,0.11551321536235505,0.0427439647826649
19.616666666666667,0.11463526884193717,0.0433096841017237
19.633333333333333,0.11377922531098675,0.0439305066471315
19.65,0.112945746611791,0.0446127079084032
19.666666666666668,0.11213559607480536,0.0453633889093839
19.683333333333334,0.1113496517858646,0.0461905992966012
19.7,0.1105889218726443,0.0471034807175999
19.716666666666665,0.1098545621474323,0.0481124340661638
19.733333333333334,0.10914789650270385,0.0492293148008414
19.75,0.10847044052665278,0.0504676612858728
19.766666666666666,0.10782392888771059,0.0518429619380879
19.783333333333335,0.10721034713327789,0.0533729679128773
19.8,0.1066319686588531,0.0550780591035633
19.816666666666666,0.10609139773127185,0.0569816723331124
19.833333333333332,0.10559161959384798,0.059110801731592
19.85,0.10513605884118135,0.0614965823091649
19.866666666666667,0.1047286474240768,0.0641749684816705
19.883333333333333,0.10437390382362303,0.0671875195124875
19.9,0.10407702510581857,0.0705823030837301
19.916666666666668,0.1038439937136222,0.0744149258909796
19.933333333333334,0.10368170093942285,0.0787496954009841
19.95,0.10359808900056654,0.0836609085519415
19.966666666666665,0.1036023134378498,0.089234249649824
19.983333333333334,0.10370492708285993,0.0955682592781728
20.0,0.10391808596034317,0.1027758067317964
20.016666666666666,0.10425577605721735,0.1109854588187322
20.033333333333335,0.1047340577232311,0.120342587645084
20.05,0.10537132160210128,0.1310100123837191
20.066666666666666,0.10618854584619236,0.1431678359438142
20.083333333333332,0.1072095374225897,0.1570123146043769
20.1,0.1084611425046928,0.1727532055155256
20.116666666666667,0.10997339423808483,0.1906094863928611
20.133333333333333,0.11177957298350515,0.2108031813520935
20.15,0.11391614882690423,0.2335514281834517
20.166666666666668,0.11642258063181052,0.2590571149015925
20.183333333333334,0.11934095546038401,0.2874988130588049
20.2,0.12271546715954722,0.3190209936935539
20.216666666666665,0.1265917509192989,0.3537256035499965
20.233333333333334,0.13101610483715545,0.3916660061427161
20.25,0.13603464686808153,0.4328439943037174
20.266666666666666,0.1416924617098661,0.477210099229012
20.283333333333335,0.14803279034360384,0.5246669702264685
20.3,0.15509630769883506,0.5750752555392412
20.316666666666666,0.162920526167064,0.6282611716041416
20.333333333333332,0.1715393350011196,0.684024804386938
20.35,0.1809826885516762,0.7421485113285251
20.366666666666667,0.19127643226322646,0.8024047001910618
20.383333333333333,0.20244225290037365,0.8645626489834519
20.4,0.21449773231023278,0.9283941475787152
20.416666666666668,0.22745648396779983,0.9936779112432792
20.433333333333334,0.24132835066822406,1.0602028342361385
20.45,0.25611964475319815,1.1277702047454052
20.466666666666665,0.27183341412392154,1.1961950504975063
20.483333333333334,0.2884697209339617,1.2653067763583885
20.5,0.30602592208185825,1.3349492671902985
20.516666666666666,0.3244969442665628,1.4049805825585302
20.533333333333335,0.34387554757964717,1.4752723749399372
20.55,0.3641525742568921,1.5457091230498718
20.566666666666666,0.38531718028500894,1.6161872587616748
20.583333333333332,0.40735704892335517,1.6866142430062103
20.6,0.4302585858392835,1.756907634237136
20.616666666666667,0.45400709629397923,1.826994177982116
20.633333333333333,0.47858694512666633,1.8968089377058932
20.65,0.5039817005733295,1.9662944786215388
20.666666666666668,0.5301742630864251,2.035400111455418
20.683333333333334,0.5571469803719569,2.104081198496325
20.7,0.5848817498695835,2.172298521826026
20.716666666666665,0.613360109870299,2.240017711583363
20.733333333333334,0.6425633203597667,2.307208731101879
20.75,0.672472434743444,2.3738454144307712
20.766666666666666,0.7030683632427283,2.439905053093178
20.783333333333335,0.7343319290068075,2.505368026395176
20.8,0.7662439176341335,2.5702174719799045
20.816666666666666,0.7987851208864442,2.6344389921247413
20.833333333333332,0.8319363752113882,2.6980203921163266
20.85,0.8656785956085753,2.760951447501318
20.866666666666667,0.8999928054448311,2.8232236964660538
20.883333333333333,0.9348601625624788,2.8848302551819023
20.9,0.9702619821734657,2.9457656530062994
20.916666666666668,1.0061797568505622,3.006025685543506
20.933333333333334,1.042595173931843,3.0656072835486783
20.95,1.0794901306590015,3.124508395627533
20.966666666666665,1.1168467472411499,3.182727883502746
20.983333333333334,1.154647378119865,3.240265428099251
21.0,1.192874621595429,3.2971214454381483
21.016666666666666,1.2315113279996834,3.353297011170885
21.033333333333335,1.2705406065826306,3.4087937927205214
21.05,1.3099458312232963,3.463613988340198
21.066666666666666,1.3497106451183087,3.5177602721575543
21.083333333333332,1.3898189645326406,3.571235744689907
21.1,1.4302549817227488,3.6240438881725554
21.116666666666667,1.4710031671195962,3.676188526179664
21.133333333333333,1.5120482708376306,3.727673787150642
21.15,1.5533753236007068,3.7785040713037024
21.166666666666668,1.5949696371204325,3.82868402072346
21.183333333333334,1.6368168040048112,3.878218492169395
21.2,1.6789026972368446,3.927112532418894
21.216666666666665,1.7212134692741023,3.975371355820683
21.233333333333334,1.763735550803543,4.023000323914604
21.25,1.8064556491889583,4.070004926872094
21.266666666666666,1.8493607466514712,4.116390766550804
21.283333333333335,1.8924380982033582,4.162163541090347
21.3,1.935675229367299,4.207329030826688
21.316666666666666,1.9790599337113786,4.251893085402146
21.333333333333332,2.022580270198184,4.295861612095224
21.35,2.0662245604002814,4.339240565022962
21.366666666666667,2.109981385576774,4.38203593532631
21.383333333333333,2.1538395836346984,4.424253742200041
21.4,2.1977882459915064,4.465900024641658
21.416666666666668,2.2418167143494045,4.506980833913486
21.433333333333334,2.285914577393884,4.547502226638278
21.45,2.3300716674293422,4.587470258451178
21.466666666666665,2.3742780569596698,4.626890978189462
21.483333333333334,2.418524055223832,4.6657704225619465
21.5,2.4628002046947826,4.704114611249973
21.516666666666666,2.5070972775486258,4.741929542412184
21.533333333333335,2.5514062721111204,4.779221188559555
21.55,2.5957184092876675,4.815995492761754
21.566666666666666,2.6400251289822014,4.852258365163178
21.583333333333332,2.68431808651004,4.888015679781447
21.6,2.728589149009326,4.923273271562732
21.616666666666667,2.7728303918551025,4.958036933674584
21.633333333333333,2.817034095079728,4.992312415015496
21.65,2.861192739803049,5.026105417922708
21.666666666666668,2.9052990046752707,5.059421596062204
21.683333333333334,2.949345762335272,5.092266552485211
21.7,2.993326075841795,5.124645837824384
21.716666666666665,3.0372331952178366,5.156564948658658
21.733333333333334,3.081060554079723,5.188029326077161
21.75,3.1248017660024825,5.21904435407541
21.766666666666666,3.1684506211402472,5.249615358319481
21.783333333333335,3.2120010828224226,5.279747605018129
21.8,3.255447284047072,5.309446299773331
21.816666666666666,3.2987835246517654,5.3387165866430175
21.833333333333332,3.3420042672840484,5.367563546862977
21.85,3.3851041344573294,5.395992198172745
21.866666666666667,3.428077905299582,5.424007493988922
21.883333333333333,3.4709205124010203,5.4516143226026985
21.9,3.5136270384239188,5.478817506318251
21.916666666666668,3.556192712954093,5.5056218007962405
21.933333333333334,3.598612909471506,5.5320318944095765
21.95,3.6408831422805448,5.558052407594994
21.966666666666665,3.682999063415922,5.583687892214001
21.983333333333334,3.7249564594268536,5.608942830926053
22.0,3.7667512485400296,5.6338216366441705
22.016666666666666,3.8083794776983124,5.658328651962527
22.033333333333335,3.8498373196808586,5.6824681486043085
22.05,3.8911210699634657,5.706244326823469
22.066666666666666,3.9322271439587655,5.729661314873208
22.083333333333332,3.9731520742108972,5.752723168456288
22.1,4.013892507630895,5.775433870174758
22.116666666666667,4.054445202581648,5.797797328937165
22.133333333333333,4.0948070260852525,5.819817379370679
22.15,4.134974951194047,5.841497781241205
22.166666666666668,4.174946054325006,5.86284221885275
22.183333333333334,4.214717512555043,5.883854300415289
22.2,4.254286600791211,5.904537557346226
22.216666666666665,4.293650689317885,5.924895443622424
22.233333333333334,4.332807241218675,5.944931335079262
22.25,4.371753809820709,5.964648528682161
22.266666666666666,4.410488035915738,5.984050241685198
22.283333333333335,4.449007645394807,6.003139610859226
22.3,4.4873104467624705,6.021919691649486
22.316666666666666,4.5253943287004565,6.0403934573063305
22.333333333333332,4.5632572573599965,6.058563797858007
22.35,4.6008972740434855,6.076433519158855
22.366666666666667,4.63831249280603,6.094005341863418
22.383333333333333,4.675501098103687,6.111281900366932
22.4,4.712461342170779,6.128265741550708
22.416666666666668,4.749191542708773,6.144959323587733
22.433333333333334,4.785690080567556,6.161365014687706
22.45,4.821955397439843,6.177485091786754
22.466666666666665,4.85798599333765,6.193321739030545
22.483333333333334,4.893780424243153,6.208877046254445
22.5,4.929337299859835,6.224153007452341
22.516666666666666,4.964655281318758,6.239151519144216
22.533333333333335,4.999733078749517,6.253874378554094
22.55,5.034569448861277,6.268323281669425
22.566666666666666,5.069163192739112,6.28249982137161
22.583333333333332,5.103513153541451,6.296405485404361
22.6,5.137618214129334,6.3100416541769695
22.616666666666667,5.1714772945689855,6.323409598305356
22.633333333333333,5.205089349931336,6.336510476314841
22.65,5.23845336795809,6.349345332116013
22.666666666666668,5.271568366708365,6.361915092341768
22.683333333333334,5.304433391971818,6.374220563257001
22.7,5.337047515020824,6.386262427910834
22.716666666666665,5.369409830220247,6.3980412430066815
22.733333333333334,5.401519452643331,6.409557435649265
22.75,5.4333755153776675,6.42081129948841
22.766666666666666,5.464977167173823,6.431802991154352
22.783333333333335,5.496323569965625,6.442532526380157
22.8,5.5274138964003665,6.452999775994026
22.816666666666666,5.558247327014825,6.463204461139372
22.833333333333332,5.588823047710072,6.473146148765439
22.85,5.619140247144468,6.482824246829804
22.866666666666667,5.649198114106884,6.492237999304746
22.883333333333333,5.678995834538907,6.501386480303888
22.9,5.7085325887473735,6.510268588317278
22.916666666666668,5.737807548621463,6.518883040281529
22.933333333333334,5.766819874767086,6.527228365303629
22.95,5.79556871333964,6.535302897501403
22.966666666666665,5.824053192886005,6.543104768574755
22.983333333333334,5.852272421323171,6.550631900486363
23.0,5.880225482746788,6.557881997558472
23.016666666666666,5.907911434002607,6.564852537756581
23.033333333333335,5.935329301053331,6.57154076315296
23.05,5.96247807562455,6.577943670881321
23.066666666666666,5.989356711594433,6.58405800323697
23.083333333333332,6.015964121191517,6.589880237032369
23.1,6.0422991707858085,6.595406571524616
23.116666666666667,6.068360677073085,6.600632917223856
23.133333333333333,6.094147402934538,6.605554883603084
23.15,6.1196580531377425,6.610167766146358
23.166666666666668,6.144891269419254,6.614466531287253
23.183333333333334,6.169845626062381,6.618445802645098
23.2,6.194519625090824,6.622099845956488
23.216666666666665,6.218911691330218,6.62542255345383
23.233333333333334,6.243020166646059,6.628407425472492
23.25,6.266843304730447,6.631047553665159
23.266666666666666,6.290379265495805,6.633335602912447
23.283333333333335,6.313626109334597,6.63526379274492
23.3,6.336581790349624,6.636823875386755
23.316666666666666,6.359244150176422,6.638007115717101
23.333333333333332,6.381610911418081,6.638804270036158
23.35,6.403679670950504,6.639205564466155
23.366666666666667,6.4254478919925715,6.639200669479345
23.383333333333333,6.446912896766518,6.638778676549932
23.4,6.468071858863054,6.637928074052577
23.416666666666668,6.488921795385346,6.636636722662352
23.433333333333334,6.509459557787391,6.63489182697851
23.45,6.5296818231846485,6.632679909102831
23.466666666666665,6.549585085542046,6.629986782189616
23.483333333333334,6.569165646554067,6.626797523452582
23.5,6.5884196051393555,6.623096443622555
23.516666666666666,6.607342847291495,6.618867058209935
23.533333333333335,6.62593103603988,6.614092059633809
23.55,6.644179600972123,6.608753288681199
23.566666666666666,6.662083726446254,6.602831703158314
23.583333333333332,6.679638339841912,6.596307347675811
23.6,6.696838100360482,6.589159325716349
23.616666666666667,6.713677387300489,6.581365771021484
23.633333333333333,6.730150286696039,6.57290381597219
23.65,6.746250578406223,6.563749562376215
23.666666666666668,6.7619717236101,6.553878054186202
23.683333333333334,6.777306852192711,6.543263250723238
23.7,6.79224874762023,6.531877995732152
23.716666666666665,6.80678983320636,6.519693991109132
23.733333333333334,6.820922158656494,6.506681772110582
23.75,6.834637386250994,6.492810682777473
23.766666666666666,6.847926774041901,6.478048847677362
23.783333333333335,6.860781161206558,6.462363149301798
23.8,6.873190959606668,6.445719216254433
23.816666666666666,6.885146128624417,6.4280813860668
23.833333333333332,6.896636164490263,6.409412694799185
23.85,6.907650089485565,6.389674863298214
23.866666666666667,6.91817642622365,6.368828269115275
23.883333333333333,6.9282031922713045,6.346831944536363
23.9,6.93771788064718,6.323643558356863
23.916666666666668,6.946707442551337,6.299219408201062
23.933333333333334,6.955158272201094,6.273514408758393
23.95,6.9630561959221655,6.246482090479353
23.966666666666665,6.970386453487338,6.218074599449023
23.983333333333334,6.9771336838184785,6.188242699381946
24.0,6.983281910675357,6.15693577285785
24.016666666666666,6.9888145283016065,6.124101831900382
24.033333333333335,6.993714287609234,6.08968753200141
24.05,6.997963282674945,6.053638189386908
24.066666666666666,7.001542937627056,6.015897802921254
24.083333333333332,7.004433994168133,5.976409083572604
24.1,7.006616500159672,5.9351134890174615
24.116666666666667,7.008069798669552,5.891951264676449
24.133333333333333,7.008772518403965,5.846861490297745
24.15,7.008702564159775,5.799782137811789
24.166666666666668,7.007837108908093,5.750650138243068
24.183333333333334,7.006152587585794,5.69940145440341
24.2,7.003624691884192,5.645971166156849
24.216666666666665,7.000228366615711,5.590293564991965
24.233333333333334,6.995937807659963,5.532302265262779
24.25,6.990726462209141,5.471930330282087
24.266666666666666,6.984567031149644,5.409110407249986
24.283333333333335,6.977431473628445,5.343774881210152
24.3,6.969291013996224,5.275856043714578
24.316666666666666,6.960116152521831,5.2052862980978905
24.333333333333332,6.949876678926234,5.131998371821863
24.35,6.93854168934453,5.055925556427689
24.366666666666667,6.926079606993631,4.977001973579965
24.383333333333333,6.912458207537267,4.895162877172213
24.4,6.897644651066651,4.810345007769917
24.416666666666668,6.881605517295678,4.722486961824859
24.433333333333334,6.864306847592689,4.631529617811085
24.45,6.845714192417163,4.537416602695037
24.466666666666665,6.825792670983162,4.440094864536129
24.483333333333334,6.804507037186491,4.339515292126945
24.5,6.781821754396229,4.235633413025
24.516666666666666,6.7577010818642025,4.128410198050187
24.533333333333335,6.732109177226122,4.01781300768464
24.55,6.705010210632819,3.9038166416521936
24.566666666666666,6.6763685056557724,3.7864047598829567
24.583333333333332,6.646148675632243,3.6655711894617977
24.6,6.614315819428629,3.541321820946705
24.616666666666667,6.580835744525809,3.4136768493815346
24.633333333333333,6.545675159576698,3.2826730186389086
24.65,6.508802046455608,3.148367472489211
24.666666666666668,6.470185945464959,3.0108405562980143
24.683333333333334,6.429798371262791,2.8702013231868198
24.7,6.38761332356411,2.7265938436863
24.716666666666665,6.343607884687569,2.5802037894389085
24.733333333333334,6.297762937792737,2.431268441241346
24.75,6.250064040972355,2.2800885329316003
24.766666666666666,6.200502603219184,2.12704398945568
24.783333333333335,6.149077206293357,1.972612094334937
24.8,6.095795307077741,1.8173917911368749
24.816666666666666,6.0406754163975585,1.6621327183917265
24.833333333333332,5.983749651304813,1.5077670534580334
24.85,5.925066877048691,1.3554432527333955
24.866666666666667,5.864696255384688,1.206551175583213
24.883333333333333,5.802731117431056,1.0627242424986714
24.9,5.739292233720736,0.9257913583515311
24.916666666666668,5.674529868689951,0.7976574857834647
24.933333333333334,5.6086230266141275,0.680099798252535
24.95,5.541774877732459,0.5745162902025653
24.966666666666665,5.474204216848999,0.4817070129953774
24.983333333333334,5.406134314305081,0.4017748196822482
25.0,5.337781543218164,0.3341759771341905
25.016666666666666,5.269346014113531,0.2778835858139272
25.033333333333335,5.201005477035071,0.231590374885935
25.05,5.132912553331214,0.1938909473371032
25.066666666666666,5.06519463719834,0.1634146978393143
25.083333333333332,4.9979555550865475,0.1389066782271973
25.1,4.93127817741331,0.1192664191364049
25.116666666666667,4.865227378196371,0.103558085696679
25.133333333333333,4.799852967782839,0.0910033107652319
25.15,4.735192382024789,0.0809651486771543
25.166666666666668,4.671273034608917,0.0729286074396085
25.183333333333334,4.6081143098966795,0.0664809698543569
25.2,4.545729213141643,0.0612936010116292
25.216666666666665,4.484125714944811,0.0571060044798692
25.233333333333334,4.423307833245459,0.0537123225392905
25.25,4.363276496821562,0.0509501701630759
25.266666666666666,4.304030229585284,0.0486915553442194
25.283333333333335,4.245565690400331,0.0468355869318342
25.3,4.187878097403452,0.045302671748578
25.316666666666666,4.130961560991077,0.0440299257758339
25.333333333333332,4.074809344519754,0.0429675660421285
25.35,4.019414068479883,0.0420760813693019
25.366666666666667,3.964767870328957,0.041324019794292
25.383333333333333,3.910862529624666,0.0406862613872997
25.4,3.8576895661732507,0.0401426694709725
25.416666666666668,3.805240317010985,0.0396770384859566
25.433333333333334,3.753505996910277,0.0392762720917124
25.45,3.7024777460034444,0.0389297403743835
25.466666666666665,3.6521466672924183,0.0386287767059368
25.483333333333334,3.602503856264748,0.0383662826332575
25.5,3.5535404242800452,0.0381364171661315
25.516666666666666,3.5052475170562514,0.0379343516790278
25.533333333333335,3.457616329290723,0.0377560758998542
25.55,3.4106381162067727,0.0375982439830394
25.566666666666666,3.364304202666837,0.0374580518272843
25.583333333333332,3.3186059903402727,0.0373331389910165
25.6,3.273534963313822,0.0372215099825788
25.616666666666667,3.229082692455821,0.0371214707959278
25.633333333333333,3.1852408387695164,0.0370315776148756
25.65,3.1420011559398753,0.0369505950489373
25.666666666666668,3.0993554922213686,0.0368774620649108
25.683333333333334,3.0572957917725967,0.0368112642741462
25.7,3.015814095574134,0.0367512108547952
25.716666666666665,2.9749025419788517,0.0366966156286075
25.733333333333334,2.9345533669747716,0.0366468813119708
25.75,2.89475890418893,0.036601486580736
25.766666666666666,2.855511584716776,0.0365599749691276
25.783333333333335,2.8168039367737783,0.0365219457421784
25.8,2.7786285852134887,0.0364870462071759
25.816666666666666,2.740978250938812,0.0364549651333201
25.833333333333332,2.7038457502182007,0.0364254272359144
25.85,2.667223993927414,0.0363981884704317
25.866666666666667,2.6311059867306947,0.0363730319952654
25.883333333333333,2.595484826210332,0.036349764738219
25.9,2.5603537019558185,0.0363282144402229
25.916666666666668,2.525705894620313,0.0363082271057316
25.933333333333334,2.491534774950533,0.0362896648085555
25.95,2.4578338027963396,0.0362724037888089
25.966666666666665,2.4245965261046107,0.0362563328010485
25.983333333333334,2.3918165799013598,0.0362413516793618
26.0,2.359487685265116,0.0362273700846972
26.016666666666666,2.327603648280096,0.0362143064035043
26.033333333333335,2.2961583590141266,0.0362020867843767
26.05,2.2651457905517516,0.0361906443956472
26.066666666666666,2.2345599978519277,0.0361799185147004
26.083333333333332,2.204395116762279,0.0361698539512145
26.1,2.174645362991516,0.0361604005087878
26.116666666666667,2.145305031059362,0.0361515124544334
26.133333333333333,2.11636849340678,0.036143148100579
26.15,2.0878301992152375,0.0361352693064101
26.166666666666668,2.0596846734784626,0.0361278411993003
26.183333333333334,2.0319265160232773,0.0361208318599527
26.2,2.00455040054111,0.0361142120338316
26.216666666666665,1.9775510735867203,0.0361079548585269
26.233333333333334,1.9509233535773867,0.0361020356446205
26.25,1.9246621298847306,0.0360964316870705
26.266666666666666,1.8987623618923164,0.0360911220809774
26.283333333333335,1.8732190780738145,0.0360860875579966
26.3,1.8480273749967682,0.0360813103310119
26.316666666666666,1.8231824164535961,0.036076773972636
26.333333333333332,1.79867943256615,0.036072463296488
26.35,1.7745137189089555,0.0360683642511309
26.366666666666667,1.7506806355817146,0.0360644638183564
26.383333333333333,1.72717560633473,0.0360607499269077
26.4,1.7039941177372482,0.0360572113763073
26.416666666666668,1.6811317183316856,0.0360538377650622
26.433333333333334,1.6585840177957323,0.036050619425282
26.45,1.6363466860568858,0.0360475473596812
26.466666666666665,1.614415452516986,0.036044613191488
26.483333333333334,1.5927861052462047,0.0360418091153739
26.5,1.571454490203374,0.0360391278535177
26.516666666666666,1.5504165103951657,0.036036562611911
26.533333333333335,1.5296681251115338,0.0360341070443998
26.55,1.5092053491731245,0.0360317552195887
26.566666666666666,1.4890242522025239,0.036029501590533
26.583333333333332,1.469120957839012,0.0360273409641464
26.6,1.4494916429718707,0.0360252684749216
26.616666666666667,1.4301325370559903,0.0360232795627717
26.633333333333333,1.4110399214005578,0.0360213699508929
26.65,1.392210128456641,0.0360195356250817
26.666666666666668,1.3736395410637272,0.0360177728139811
26.683333333333334,1.3553245918062455,0.0360160779734507
26.7,1.337261762338427,0.0360144477707952
26.716666666666665,1.3194475827212928,0.0360128790702649
26.733333333333334,1.3018786306983292,0.0360113689184453
26.75,1.284551531083397,0.0360099145329222
26.766666666666666,1.2674629551228858,0.0360085132909209
26.783333333333335,1.2506096198750576,0.0360071627189052
26.8,1.2339882875216501,0.0360058604818268
26.816666666666666,1.2175957647797147,0.0360046043747017
26.833333333333332,1.2014289023021913,0.0360033923143685
26.85,1.185484594092128,0.0360022223318679
26.866666666666667,1.1697597768572174,0.0360010925645701
26.883333333333333,1.1542514294382762,0.0360000012497587
26.9,1.1389565722489388,0.0359989467186182
26.916666666666668,1.123872266718333,0.0359979273905442
26.933333333333334,1.1089956146942541,0.0359969417674054
26.95,1.0943237578818052,0.0359959884285443
26.966666666666665,1.0798538773221134,0.0359950660263702
26.983333333333334,1.065583192860639,0.0359941732820562
27.0,1.0515089625975804,0.0359933089813352
27.016666666666666,1.0376284823373794,0.0359924719705739
27.033333333333335,1.0239390851024837,0.0359916611535033
27.05,1.0104381406274388,0.0359908754879439
27.066666666666666,0.9971230548506359,0.0359901139826866
27.083333333333332,0.9839912693799076,0.0359893756944168
27.1,0.9710402610352895,0.0359886597252458
27.116666666666667,0.9582675413693996,0.0359879652202083
27.133333333333333,0.945670656195168,0.0359872913649197
27.15,0.9332471850721136,0.0359866373831744
27.166666666666668,0.9209947408726065,0.0359860025350504
27.183333333333334,0.9089109693288765,0.0359853861149916
27.2,0.8969935485916276,0.0359847874500283
27.216666666666665,0.8852401887414605,0.0359842058979129
27.233333333333334,0.8736486313732765,0.0359836408456387
27.25,0.8622166491704061,0.0359830917079737
27.266666666666666,0.8509420454892059,0.0359825579260934
27.283333333333335,0.8398226538995387,0.0359820389661468
27.3,0.8288563377826935,0.0359815343180849
27.316666666666666,0.8180409899328004,0.0359810434945441
27.333333333333332,0.8073745321629086,0.0359805660297885
27.35,0.79685491487824,0.035980101478624
27.366666666666667,0.7864801166830789,0.0359796494154645
27.383333333333333,0.7762481440095915,0.0359792094334923
27.4,0.76615703074214,0.0359787811438426
27.416666666666668,0.7562048378243417,0.0359783641747975
27.433333333333334,0.7463896528733782,0.035977958171051
27.45,0.7367095898343026,0.03597756279309
27.466666666666665,0.727162788622453,0.0359771777165834
27.483333333333334,0.7177474147603781,0.0359768026318002
27.5,0.7084616590026004,0.0359764372430585
27.516666666666666,0.6993037370116025,0.0359760812682909
27.533333333333335,0.6902718890183925,0.0359757344386156
27.55,0.6813643794858544,0.0359753964979474
27.566666666666666,0.6725794967466612,0.0359750672026275
27.583333333333332,0.6639155526973337,0.0359747463211577
27.6,0.6553708824772807,0.0359744336339493
27.616666666666667,0.646943844154615,0.0359741289331156
27.633333333333333,0.6386328183804485,0.0359738320222956
27.65,0.6304362080973989,0.0359735427165633
27.666666666666668,0.622352438237181,0.0359732608423681
27.683333333333334,0.6143799554259148,0.035972986237522
27.7,0.606517227656846,0.0359727187512482
27.716666666666665,0.5987627440104748,0.0359724582442992
27.733333333333334,0.5911150143705497,0.0359722045891265
27.75,0.5835725691460468,0.0359719576701045
27.766666666666666,0.5761339589645497,0.0359717173838588
27.783333333333335,0.5687977544009579,0.0359714836396651
27.8,0.5615625457120549,0.0359712563599146
27.816666666666666,0.5544269425727377,0.0359710354806566
27.833333333333332,0.5473895737908523,0.0359708209522953
27.85,0.5404490870431669,0.0359706127403905
27.866666666666667,0.5336041486276293,0.0359704108265285
27.883333333333333,0.5268534432126563,0.0359702152093152
27.9,0.5201956735730086,0.0359700259055742
27.916666666666668,0.5136295603324701,0.0359698429517392
27.933333333333334,0.5071538417328725,0.0359696664052923
27.95,0.5007672733954925,0.0359694963464032
27.966666666666665,0.4944686280752112,0.0359693328798348
27.983333333333334,0.4882566954141992,0.0359691761371628
28.0,0.48213028172270694,0.0359690262790338
28.016666666666666,0.47608820975700944,0.0359688834976558
28.033333333333335,0.4701293184837777,0.03596874801974
28.05,0.4642524628451351,0.0359686201098774
28.066666666666666,0.45845651355680417,0.0359685000738217
28.083333333333332,0.4527403568977517,0.0359683882621349
28.1,0.44710289448111434,0.0359682850745697
28.116666666666667,0.4415430430391562,0.0359681909647599
28.133333333333333,0.43605973423074434,0.0359681064448238
28.15,0.4306519144442449,0.0359680320903363
28.166666666666668,0.42531854457133295,0.0359679685465502
28.183333333333334,0.4200585998175651,0.0359679165342255
28.2,0.41487106952614944,0.0359678768553426
28.216666666666665,0.40975495694589725,0.0359678504008297
28.233333333333334,0.4047092790796937,0.0359678381560902
28.25,0.3997330664751101,0.0359678412088515
28.266666666666666,0.3948253630457655,0.0359678607559666
28.283333333333335,0.3899852258902672,0.0359678981105214
28.3,0.38521172511357776,0.0359679547090043
28.316666666666666,0.3805039436392449,0.0359680321178944
28.333333333333332,0.3758609770499068,0.0359681320395005
28.35,0.3712819334076043,0.0359682563181898
28.366666666666667,0.3667659330858519,0.0359684069452448
28.383333333333333,0.3623121086024606,0.0359685860630148
28.4,0.3579196044548729,0.0359687959679307
28.416666666666668,0.3535875769578053,0.0359690391125673
28.433333333333334,0.3493151940831493,0.0359693181064333
28.45,0.3451016353020812,0.0359696357155525
28.466666666666665,0.3409460914233123,0.0359699948605521
28.483333333333334,0.3368477644631188,0.0359703986142578
28.5,0.33280586746003393,0.0359708502014579
28.516666666666666,0.3288196243444794,0.0359713529882636
28.533333333333335,0.3248882697917519,0.0359719104816118
28.55,0.3210110490681648,0.0359725263260594
28.566666666666666,0.3171872178951432,0.0359732042972853
28.583333333333332,0.3134160423041466,0.0359739483010883
28.6,0.3096967984966687,0.035974762370587
28.616666666666667,0.30602877270945816,0.0359756506663978
28.633333333333333,0.302411261068437,0.03597661747798
28.65,0.29884356946983054,0.0359776672278352
28.666666666666668,0.2953250134366023,0.0359788044785767
28.683333333333334,0.2918549179926965,0.0359800339400268
28.7,0.2884326175335715,0.0359813604823038
28.716666666666665,0.285057455699738,0.0359827891488305
28.733333333333334,0.2817287852544516,0.0359843251728415
28.75,0.2784459679599111,0.0359859739963351
28.766666666666666,0.27520837445795926,0.0359877412910907
28.783333333333335,0.2720153841483267,0.0359896329832947
28.8,0.2688663850766158,0.0359916552788728
28.816666666666666,0.26576077381876484,0.0359938146904099
28.833333333333332,0.26269795536908813,0.0359961180674473
28.85,0.25967734302872497,0.0359985726281425
28.866666666666667,0.2566983582992717,0.0360011859929958
28.883333333333333,0.2537604307770039,0.0360039662194809
28.9,0.2508629980481696,0.0360069218396293
28.916666666666668,0.24800550558740136,0.0360100618997983
28.933333333333334,0.245187406657974,0.0360133960016427
28.95,0.2424081622141455,0.0360169343463167
28.966666666666665,0.23966724080557275,0.0360206877803419
28.983333333333334,0.2369641184838327,0.0360246678446096
29.0,0.23429827871105954,0.0360288868262904
29.016666666666666,0.2316692122707375,0.0360333578136946
29.033333333333335,0.2290764171806439,0.0360380947549204
29.05,0.22651939860800252,0.0360431125201816
29.066666666666666,0.2239976687868703,0.0360484269684014
29.083333333333332,0.22151074693780692,0.0360540550185013
29.1,0.2190581591898613,0.0360600147256689
29.116666666666667,0.21663943850492262,0.036066325363269
29.133333333333333,0.21425412460458312,0.0360730075109404
29.15,0.2119017638994577,0.0360800831491256
29.166666666666668,0.2095819094211284,0.0360875757611242
29.183333333333334,0.2072941207567629,0.0360955104430434
29.2,0.20503796398655036,0.0361039140225148
29.216666666666665,0.20281301162406865,0.0361128151869391
29.233333333333334,0.20061884255957071,0.0361222446220028
29.25,0.1984550420065501,0.0361322351619172
29.266666666666666,0.19632120145159668,0.0361428219518409
29.283333333333335,0.1942169186077615,0.0361540426241434
29.3,0.19214179737145323,0.0361659374889917
29.316666666666666,0.19009544778350063,0.0361785497424869
29.333333333333332,0.18807748599411395,0.036191925691427
29.35,0.18608753423230404,0.0362061149982161
29.366666666666667,0.18412522077992297,0.0362211709473417
29.383333333333333,0.18219017995068051,0.0362371507351589
29.4,0.18028205207446074,0.0362541157857417
29.416666666666668,0.17840048348730345,0.0362721320950934
29.433333333333334,0.17654512652749121,0.0362912706066512
29.45,0.17471563953818228,0.0363116076212199
29.466666666666665,0.17291168687710579,0.0363332252447981
29.483333333333334,0.17113293893387915,0.0363562118782044
29.5,0.1693790721555744,0.0363806627528429
29.516666666666666,0.1676497690812111,0.0364066805173248
29.533333333333335,0.16594471838595323,0.036434375880452
29.55,0.1642636149358489,0.036463868316439
29.566666666666666,0.1626061598540577,0.0364952868390964
29.583333333333332,0.160972060599604,0.0365287708524756
29.6,0.15936103105983207,0.0365644710863712
29.616666666666667,0.15777279165783328,0.0366025506259632
29.633333333333333,0.1562070694763058,0.036643186046325
29.65,0.15466359839944027,0.0366865686635014
29.666666666666668,0.1531421192746274,0.0367329059155232
29.683333333333334,0.1516423800959835,0.0367824228883959
29.7,0.15016413621194183,0.0368353640040016
29.716666666666665,0.14870715055939732,0.0368919948889095
29.733333333333334,0.1472711939272276,0.036952604445897
29.75,0.1458560452523303,0.0370175071524908
29.766666666666666,0.14446149195171848,0.037087045614292
29.783333333333335,0.14308733029464812,0.0371615934045939
29.8,0.14173336581926171,0.0372415582260229
29.816666666666666,0.14039941379879234,0.0373273854348998
29.833333333333332,0.13908529976303238,0.0374195619747676
29.85,0.13779086008150865,0.0375186207720004
29.866666666666667,0.13651594261565753,0.037625145654042
29.883333333333333,0.13526040744826642,0.0377397768596
29.9,0.1340241276995538,0.0378632172201549
29.916666666666668,0.13280699044057154,0.0379962391042387
29.933333333333334,0.13160889771604628,0.0381396922291242
29.95,0.13042976769050924,0.0382945124609944
29.966666666666665,0.12926953593350646,0.0384617317430141
29.983333333333334,0.12812815686197837,0.0386424893124948
30.0,0.1270056053604022,0.038838044392991
30.016666666666666,0.12590187860260973,0.039049790579552
30.033333333333335,0.12481699810237433,0.0392792721655246
30.05,0.12375101202425284,0.0395282027048883
30.066666666666666,0.12270399779079685,0.0397984861503057
30.083333333333332,0.12167606502803009,0.0400922409637333
30.1,0.12066735889714081,0.040411827661523
30.116666666666667,0.11967806386898527,0.0407598803452208
30.133333333333333,0.11870840800579938,0.0411393428446199
30.15,0.11775866782594833,0.0415535102283104
30.166666666666668,0.11682917383942218,0.0420060765616807
30.183333333333334,0.11592031685686453,0.0425011899449824
30.2,0.11503255519163638,0.0430435160539755
30.216666666666665,0.11416642289529756,0.0436383116272474
30.233333333333334,0.11332253919049637,0.0442915095961448
30.25,0.11250161929388099,0.0450098178711938
30.266666666666666,0.11170448685509582,0.0458008341609161
30.283333333333335,0.11093208827778885,0.0466731796273832
30.3,0.11018550923536483,0.047636654694258
30.316666666666666,0.10946599374947828,0.0487024209114611
30.333333333333332,0.1087749662646401,0.0498832134732482
30.35,0.10811405722870343,0.0511935897759617
30.366666666666667,0.10748513277857112,0.0526502203000857
30.383333333333333,0.10689032923436198,0.054272229103042
30.4,0.1063320932251637,0.0560815922890022
30.416666666666668,0.1058132284059636,0.0581036039421414
30.433333333333334,0.10533694987825809,0.0603674200877847
30.45,0.10490694759427863,0.0629066921434196
30.466666666666665,0.10452746020178648,0.0657603018183586
30.483333333333334,0.10420336096358083,0.0689732091723317
30.5,0.10394025754691134,0.0725974240352012
30.516666666666666,0.10374460759643644,0.0766931074805361
30.533333333333335,0.10362385203957349,0.0813298035040422
30.55,0.10358656796516219,0.086587790119537
30.566666666666666,0.10364264258087492,0.0925595220581969
30.583333333333332,0.10380346907840726,0.0993511122418796
30.6,0.1040821640760915,0.107083764425638
30.616666666666667,0.10449380449974141,0.1158950239163503
30.633333333333333,0.10505567914467633,0.1259396627218121
30.65,0.10578754720713508,0.1373899240066569
30.666666666666668,0.10671188853470011,0.1504348874057919
30.683333333333334,0.10785413154312126,0.165278533764073
30.7,0.10924283290318575,0.182136256456775
30.716666666666665,0.11090978189814578,0.2012295688507876
30.733333333333334,0.11289000057653036,0.2227789434838309
30.75,0.1152216104126025,0.2469950323847068
30.766666666666666,0.11794554709553139,0.2740688270065484
30.783333333333335,0.12110511225825309,0.3041616052797014
30.8,0.12474537048458932,0.3373957445382797
30.816666666666666,0.1289124171780389,0.3738474826981462
30.833333333333332,0.1336525596903983,0.4135424482271138
30.85,0.1390114614646792,0.4564544506913192
30.866666666666667,0.14503330552422963,0.5025075186103496
30.883333333333333,0.15176002743685438,0.5515807307395031
30.9,0.15923065638287068,0.6035151004324155
30.916666666666668,0.16748079270002006,0.6581216488148887
30.933333333333334,0.17654222640403594,0.7151898620881733
30.95,0.1864427024359038,0.7744958003175647
30.966666666666665,0.19720581544036178,0.835809405616552
30.983333333333334,0.2088510191903253,0.8989006911360219
31.0,0.22139372721608697,0.9635447246925212
31.016666666666666,0.23484548561816396,1.0295253914849647
31.033333333333335,0.24921419543925974,1.0966380756198526
31.05,0.26450436891263623,1.1646913800073326
31.066666666666666,0.28071740377768206,1.233508069218067
31.083333333333332,0.2978518640883679,1.3029253970853778
31.1,0.3159037585304233,1.3727949750373578
31.116666666666667,0.3348668098662542,1.4429823022031465
31.133333333333333,0.35473271085261304,1.513366073103757
31.15,0.3754913638791927,1.5838373458562678
31.166666666666668,0.39713110289111875,1.6542986347615671
31.183333333333334,0.4196388969290689,1.724662978181796
31.2,0.4430005354894965,1.7948530153559388
31.216666666666665,0.46720079627957306,1.8648000963966327
31.233333333333334,0.49222359632561824,1.934443440656822
31.25,0.5180521275241066,2.003729352494666
31.266666666666666,0.5446689778513119,2.072610498563108
31.283333333333335,0.5720562394615916,2.141045247696974
31.3,0.60019560487117,2.2089970719564787
31.316666666666666,0.6290684523957605,2.276434006090383
31.333333333333332,0.6586559218920185,2.3433281617108435
31.35,0.6889389819441122,2.409655291600254
31.366666666666667,0.7198984891401812,2.4753944009805293
31.383333333333333,0.7515152405464293,2.540527399943387
31.4,0.7837700200308904,2.605038793705807
31.416666666666668,0.816643639046901,2.668915406971141
31.433333333333334,0.8501169726122162,2.732146138082712
31.45,0.8841709908985956,2.79472174039354
31.466666666666665,0.9187867869926862,2.856634627381538
31.483333333333334,0.9539456012319424,2.9178786989512795
31.5,0.9896288424624089,2.978449186713622
31.516666666666666,1.0258181066192504,3.038342515695164
31.533333333333335,1.0624951928539774,3.097556181028839
31.55,1.0996421175289965,3.1560886375910213
31.566666666666666,1.1372411262855497,3.213939201265559
31.583333333333332,1.1752747043882676,3.27110796054632
31.6,1.2137255855589246,3.327595697147764
31.616666666666667,1.252576759423381,3.383403814837936
31.633333333333333,1.2918114777530194,3.438534275379361
31.65,1.3314132596072312,3.4929895409189173
31.666666666666668,1.3713658954976211,3.5467725220935744
31.683333333333334,1.4116534506867318,3.599886531175563
31.7,1.4522602676934615,3.6523352398254336
31.716666666666665,1.493170968106747,3.7041226408524337
31.733333333333334,1.5343704537724,3.755253013609384
31.75,1.5758439074080113,3.805730892715767
31.766666666666666,1.6175767927283125,3.855561039601587
31.783333333333335,1.6595548541134821,3.904748416734586
31.8,1.701764115873879,3.953298164208304
31.816666666666666,1.7441908811635112,4.001215578405535
31.833333333333332,1.7868217305588634,4.048506092667235
31.85,1.82964352036243,4.095175259590975
31.866666666666667,1.8726433806446352,4.141228734952377
31.883333333333333,1.9158087130581203,4.186672263034049
31.9,1.9591271884558163,4.231511663186296
31.916666666666668,2.0025867443200522,4.275752817637996
31.933333333333334,2.046175582039568,4.319401660288956
31.95,2.0898821640471126,4.362464166453923
31.966666666666665,2.1336952108312555,4.404946343527667
31.983333333333334,2.177603697842994,4.446854222403419
32.0,2.221596852308924,4.488193849616403
32.016666666666666,2.2656641499629067,4.528971280160143
32.03333333333333,2.30979531170953,4.56919257088563
32.05,2.3539803002287005,4.608863774450566
32.06666666666667,2.398209316530778,4.647990933775495
32.083333333333336,2.4424727964713995,4.686580076950877
32.1,2.4867614072334256,4.724637212560072
32.11666666666667,2.531066043783035,4.7621683253896645
32.13333333333333,2.5753778253065818,4.799179372486939
32.15,2.6196880916339467,4.835676279536957
32.166666666666664,2.6639883996535536,4.871664937534803
32.18333333333333,2.7082705197239454,4.907151199725692
32.2,2.752526432086159,4.942140878791329
32.21666666666667,2.796748323280811,4.976639744262467
32.233333333333334,2.8409285825734036,5.010653520137846
32.25,2.88505979839102,5.04418788269256
32.266666666666666,2.9291347547732407,5.077248458460004
32.28333333333333,2.973146427826961,5.109840822368988
32.3,3.017087982199715,5.141970496027262
32.31666666666667,3.060952767609519,5.173642946171007
32.333333333333336,3.104734315498242,5.204863583219097
32.35,3.1484263354211093,5.235637759788647
32.36666666666667,3.192022711668328,5.265970769540491
32.38333333333333,3.2355174997888234,5.295867846063365
32.4,3.2789049234097702,5.325334161807256
32.416666666666664,3.322179370788364,5.354374826961344
32.43333333333333,3.3653353915490545,5.382994888563319
32.45,3.4083676934711757,5.411199329710404
32.46666666666667,3.451271139002891,5.438993068696271
32.483333333333334,3.4940407422365056,5.466380958209658
32.5,3.5366716657422095,5.493367784626192
32.516666666666666,3.579159217495714,5.51995826734859
32.53333333333333,3.621498847520818,5.546157058104457
32.55,3.6636861449090286,5.571968740318699
32.56666666666667,3.7057168348296283,5.597397828522145
32.583333333333336,3.747586775559556,5.622448767772946
32.6,3.789291955402507,5.647125933065189
32.61666666666667,3.830828489636213,5.671433628740675
32.63333333333333,3.8721926177320816,5.695376087959699
32.65,3.9133807004744945,5.718957472148452
32.666666666666664,3.9543892171310704,5.7421818704512
32.68333333333333,3.9952147624037653,5.765053299128547
32.7,4.035854043774108,5.787575701019906
32.71666666666667,4.076303878732921,5.809752944969878
32.733333333333334,4.116561192177239,5.831588825270494
32.75,4.156623013402211,5.853087060993147
32.766666666666666,4.196486473514292,5.874251295388302
32.78333333333333,4.236148802842154,5.89508509525915
32.8,4.275607328363687,5.915591950310764
32.81666666666667,4.314859470935165,5.935775272413009
32.833333333333336,4.353902742680271,5.955638394864118
32.85,4.392734744543974,5.975184571662844
32.86666666666667,4.431353163792384,5.994416976729723
32.88333333333333,4.469755771414798,6.01333870305299
32.9,4.5079404195063475,6.031952761767946
32.916666666666664,4.545905038937621,6.050262081283786
32.93333333333333,4.583647636919402,6.068269506329709
32.95,4.621166294545096,6.085977796938488
32.96666666666667,4.65845916417975,6.103389627292563
32.983333333333334,4.69552446720772,6.120507584654288
33.0,4.732360491655954,6.137334168190118
33.016666666666666,4.768965589838492,6.153871787741651
33.03333333333333,4.805338175765491,6.1701227623851445
33.05,4.841476722927558,6.186089319105558
33.06666666666667,4.87737976196749,6.20177359134613
33.083333333333336,4.913045878390653,6.217177617508274
33.1,4.948473709999517,6.2323033391692055
33.11666666666667,4.983661944672733,6.247152599422174
33.13333333333333,5.018609318072131,6.26172714109208
33.15,5.053314611378695,6.276028604889222
33.166666666666664,5.087776648757897,6.290058527228664
33.18333333333333,5.121994295084738,6.303818338132357
33.2,5.155966453671507,6.317309359043098
33.21666666666667,5.189692063984285,6.330532800532448
33.233333333333334,5.223170099139829,6.343489759662268
33.25,5.256399563524461,6.356181217309997
33.266666666666666,5.289379490520563,6.368608035496248
33.28333333333333,5.322108940162822,6.380770954524901
33.3,5.3545869966471775,6.3926705898044585
33.31666666666667,5.386812765799469,6.404307428428163
33.333333333333336,5.418785372763959,6.415681825898936
33.35,5.450503959563137,6.426794002556769
33.36666666666667,5.481967682571612,6.437644039726536
33.38333333333333,5.513175709806473,6.448231875374407
33.4,5.544127218518721,6.458557300054676
33.416666666666664,5.574821392618168,6.46861995244996
33.43333333333333,5.605257420054246,6.478419314666708
33.45,5.635434489889889,6.487954706747057
33.46666666666667,5.665351789727492,6.497225281607985
33.483333333333334,5.695008502948006,6.506230019473049
33.5,5.72440380593134,6.514967722084664
33.516666666666666,5.753536864864916,6.523437005810316
33.53333333333333,5.782406832917578,6.5316362952667175
33.55,5.811012847233811,6.539563816382787
33.56666666666667,5.839354025903246,6.547217589214141
33.583333333333336,5.8674294644517,6.554595419365772
33.6,5.895238232651631,6.561694889898076
33.61666666666667,5.922779371196908,6.568513352714541
33.63333333333333,5.950051888316873,6.575047919600582
33.65,5.977054755880283,6.581295451659906
33.666666666666664,6.003786905705143,6.587252549004448
33.68333333333333,6.030247225825375,6.592915540137568
33.7,6.056434556615598,6.598280470756239
33.71666666666667,6.082347686440267,6.603343090950487
33.733333333333334,6.107985347282395,6.608098842061323
33.75,6.13334621050054,6.612542843744546
33.766666666666666,6.158428882326075,6.616669880102116
33.78333333333333,6.183231898927829,6.6204743842993405
33.8,6.207753721203932,6.623950422114504
33.81666666666667,6.231992729880918,6.6270916763247705
33.833333333333336,6.2559472202403335,6.629891429820939
33.85,6.279615396451276,6.632342547357798
33.86666666666667,6.302995365348587,6.634437455422228
33.88333333333333,6.326085130720238,6.636168123709012
33.9,6.348882587093497,6.637526044974051
33.916666666666664,6.371385513188233,6.638502213818271
33.93333333333333,6.3935915645162416,6.639087102772842
33.95,6.415498266672253,6.639270640730661
33.96666666666667,6.437103008044867,6.639042189647587
33.983333333333334,6.458403032232831,6.638390520457873
34.0,6.479395429288456,6.637303785538706
34.016666666666666,6.500077127883525,6.635769494415589
34.03333333333333,6.520444886791183,6.63377448762138
34.05,6.540495286178831,6.631304910293355
34.06666666666667,6.560224717332929,6.628346181517548
34.083333333333336,6.579629373592956,6.624882967951912
34.1,6.598705240562612,6.620899155736539
34.11666666666667,6.617448086085025,6.616377822229889
34.13333333333333,6.635853448494299,6.6113012036581855
34.15,6.653916626220286,6.60565066745247
34.166666666666664,6.67163266672757,6.5994066833301215
34.18333333333333,6.688996355169694,6.592548794323012
34.2,6.70600220111166,6.5850555839757945
34.21666666666667,6.722644426914308,6.576904648851299
34.233333333333334,6.738916955395012,6.568072569967822
34.25,6.754813397204756,6.558534884456837
34.266666666666666,6.770327036279924,6.548266054218701
34.28333333333333,6.785450816961822,6.537239439580356
34.3,6.800177330692529,6.525427272955023
34.31666666666667,6.814498802205435,6.512800632486702
34.333333333333336,6.828407073559651,6.499329413209488
34.35,6.841893590768213,6.484982304530846
34.36666666666667,6.854949387819801,6.469726764335166
34.38333333333333,6.867565077566039,6.453529005069858
34.4,6.879730826337645,6.436353956959985
34.416666666666664,6.891436350127497,6.418165264393536
34.43333333333333,6.902670888909004,6.398925252960743
34.45,6.9134231972700615,6.37859492161817
34.46666666666667,6.923681530800137,6.357133927589069
34.483333333333334,6.933433621993303,6.334500565860862
34.5,6.9426666779897,6.310651770778216
34.516666666666666,6.9513673491816945,6.285543094356342
34.53333333333333,6.959521726765191,6.259128705543429
34.55,6.967115322465257,6.231361388729426
34.56666666666667,6.974133054093736,6.202192545079571
34.583333333333336,6.9805592310013616,6.1715721936040655
34.6,6.986377539673367,6.139448976723437
34.61666666666667,6.9915710296575195,6.105770173170148
34.63333333333333,6.996122099318454,6.07048171463005
34.65,7.0000124831466914,6.033528204648273
34.666666666666664,7.003223239091961,5.994852944495135
34.68333333333333,7.00573473659324,5.954397964905346
34.7,7.007526645254829,5.912104064019476
34.71666666666667,7.008577924320371,5.867910852363804
34.733333333333334,7.008866813216433,5.8217568067799546
34.75,7.008370823357339,5.773579330470555
34.766666666666666,7.007066731007646,5.723314821741577
34.78333333333333,7.004930571263705,5.670898753762402
34.8,7.0019376335330135,5.616265770347757
34.81666666666667,6.998062459180349,5.559349786409784
34.833333333333336,6.9932788406836695,5.500084103922242
34.85,6.98755982269565,5.438401539637465
34.86666666666667,6.980877705497786,5.3742345766189645
34.88333333333333,6.9732040513307,5.307515531174899
34.9,6.964509693197012,5.238176733340204
34.916666666666664,6.954764746709023,5.166150731813341
34.93333333333333,6.9439386248336055,5.091370516527336
34.95,6.932000058191773,5.0137697922557125
34.96666666666667,6.918917118305583,4.933283259354877
34.983333333333334,6.904657245512759,4.849846932227269
35.0,6.889187281666091,4.763398493169508
35.016666666666666,6.872473509402542,4.673877698968454
35.03333333333333,6.85448170000341,4.58122685595063
35.05,6.8351771653433735,4.485391321150812
35.06666666666667,6.814524819217396,4.38632008479465
35.083333333333336,6.792489246039646,4.283966414560168
35.1,6.769034786936159,4.178288656962234
35.11666666666667,6.7441256344953056,4.069251117259573
35.13333333333333,6.717725945322714,3.9568250879564655
35.15,6.689799941508898,3.840989841906687
35.166666666666664,6.660312082273651,3.721734322486028
35.18333333333333,6.629227231718183,3.5990587448724662
35.2,6.596510838349123,3.4729763866681007
35.21666666666667,6.562129145825448,3.3435157814474072
35.233333333333334,6.52604952265487,3.21072447804352
35.25,6.488240742835716,3.074671504476238
35.266666666666666,6.4486733612328955,2.935452055460126
35.28333333333333,6.407320149549279,2.7931931041398887
35.3,6.364156694340704,2.6480602158713458
35.31666666666667,6.319162025049801,2.5002654612577557
35.333333333333336,6.272319424273768,2.350078692757912
35.35,6.223617438982779,2.1978411715839496
35.36666666666667,6.173051152156624,2.0439824962655555
35.38333333333333,6.120623700974509,1.889042385579488
35.4,6.066348192630004,1.73369704061415
35.416666666666664,6.010250120768929,1.578790249029356
35.43333333333333,5.952370201142822,1.4253668212002064
35.45,5.892767769404377,1.2747030739503609
35.46666666666667,5.831524540447582,1.1283225395256182
35.483333333333334,5.768748273229468,0.987973608230976
35.5,5.704575521649256,0.8555469419895659
35.516666666666666,5.639172353086378,0.7329083138583908
35.53333333333333,5.572731626335778,0.6216620107067252
35.55,5.505466205959392,0.5229050788868707
35.56666666666667,5.437598756076158,0.4370646096791277
35.583333333333336,5.369350161655198,0.3638799782767906
35.6,5.300929002792764,0.3025226347578258
35.61666666666667,5.232523880232089,0.2517896908320247
35.63333333333333,5.164299155359449,0.2103012463131937
35.65,5.096393740879025,0.1766575675421534
35.666666666666664,5.028922050046139,0.149543294479323
35.68333333333333,4.961976261010023,0.1277840223098195
35.7,4.895629176144977,0.1103680387653505
35.71666666666667,4.829937201743692,0.0964459616156116
35.733333333333334,4.764943167372205,0.0853179236228864
35.75,4.700678840174626,0.0764151701957975
35.766666666666666,4.637167082991445,0.0692801798841394
35.78333333333333,4.57442365860207,0.0635476664064632
35.8,4.512458710505304,0.0589275287292969
35.81666666666667,4.451277960173818,0.0551902317726543
35.833333333333336,4.390883666304658,0.0521545859159932
35.85,4.3312753868900735,0.0496777428145403
35.86666666666667,4.2724505819098315,0.0476471154568414
35.88333333333333,4.214405087592703,0.0459739246513961
35.9,4.157133488852689,0.0445880821487763
35.916666666666664,4.100629411241559,0.0434341564873844
35.93333333333333,4.0448857494331,0.0424682075653129
35.95,3.9898948461921506,0.0416553073902094
35.96666666666667,3.935648632446299,0.0409676036991705
35.983333333333334,3.8821387370432854,0.040382808344267
36.0,3.8293565728653656,0.0398830172358046
36.016666666666666,3.7772934044173727,0.039453789588529
36.03333333333333,3.7259404010052135,0.0390834280376736
36.05,3.675288678608979,0.0387624153823469
36.06666666666667,3.6253293328970875,0.038482973100749
36.083333333333336,3.5760534653070635,0.0382387142442346
36.1,3.527452203645152,0.0380243701440875
36.11666666666667,3.4795167183782016,0.0378355744011402
36.13333333333333,3.4322382355123864,0.0376686916596267
36.15,3.385608046757894,0.0375206814851911
36.166666666666664,3.3396175175412783,0.0373889896475002
36.18333333333333,3.2942580932912757,0.0372714610486085
36.2,3.249521304344206,0.0371662696692313
36.21666666666667,3.2053987697333053,0.0370718620475649
36.233333333333334,3.161882200098352,0.03698691123882
36.25,3.118963399844932,0.0369102796312882
36.266666666666666,3.0766342687277897,0.0368409883362577
36.28333333333333,3.0348868029465685,0.0367781921451269
36.3,2.9937130958747113,0.0367211586225186
36.31666666666667,2.9531053384158654,0.0366692513555474
36.333333333333336,2.913055819143269,0.0366219154820037
36.35,2.8735569242046,0.0365786657987883
36.36666666666667,2.8346011370422186,0.0365390769386095
36.38333333333333,2.7961810379760936,0.0365027749264034
36.4,2.7582893036605878,0.0364694301369571
36.416666666666664,2.7209187064402403,0.0364387513506404
36.43333333333333,2.684062113626234,0.036410480649514
36.45,2.64771248670319,0.0363843891020845
36.46666666666667,2.6118628804808584,0.0363602730717392
36.483333333333334,2.5765064422014876,0.0363379510375331
36.5,2.541636410610123,0.0363172608723072
36.516666666666666,2.5072461149959437,0.0362980574924497
36.53333333333333,2.4733289742107543,0.0362802108227945
36.55,2.4398784956694217,0.0362636040364183
36.56666666666667,2.406888274336968,0.0362481320235081
36.583333333333336,2.3743519916935814,0.0362337000513332
36.6,2.3422634147192363,0.0362202225973805
36.61666666666667,2.3106163948844824,0.0362076223989784
36.63333333333333,2.2794048670813583,0.0361958294581814
36.65,2.2486228485944504,0.0361847802742187
36.666666666666664,2.2182644380707264,0.0361744171959183
36.68333333333333,2.188323814455643,0.0361646878033225
36.7,2.1587952361110485,0.0361555444156501
36.71666666666667,2.1296730395976358,0.036146943476333
36.733333333333334,2.1009516387707587,0.036138845235889
36.75,2.072625523775121,0.0361312133783912
36.766666666666666,2.0446892600686035,0.0361240146845229
36.78333333333333,2.017137487357502,0.0361172186864757
36.8,1.9899649186570914,0.0361107974362339
36.81666666666667,1.9631663393360348,0.0361047252727459
36.833333333333336,1.9367366061742612,0.0360989786101127
36.85,1.9106706463751666,0.0360935357335937
36.86666666666667,1.8849634566055231,0.0360883766308847
36.88333333333333,1.8596101021062312,0.036083482847964
36.9,1.8346057157781335,0.0360788373500467
36.916666666666664,1.8099454972777198,0.0360744243959758
36.93333333333333,1.7856247120572686,0.0360702294193593
36.95,1.7616386905219392,0.0360662389344861
36.96666666666667,1.7379828271577769,0.0360624404446172
36.983333333333334,1.7146525796854586,0.0360588223603374
37.0,1.6916434681518207,0.0360553739195337
37.016666666666666,1.6689510740926217,0.0360520851210927
37.03333333333333,1.6465710397227933,0.0360489466650843
37.05,1.6244990671187745,0.0360459498965822
37.06666666666667,1.602730917402052,0.0360430867539216
37.083333333333336,1.58126240988686,0.0360403497194452
37.1,1.5600894213292864,0.0360377317798975
37.11666666666667,1.5392078851402944,0.036035226387361
37.13333333333333,1.5186137906576964,0.0360328274255072
37.15,1.498303182289504,0.0360305291723549
37.166666666666664,1.4782721588058312,0.0360283262736832
37.18333333333333,1.4585168726105602,0.0360262137163901
37.2,1.4390335290288732,0.0360241868039091
37.21666666666667,1.4198183855258224,0.0360222411310003
37.233333333333334,1.4008677510057528,0.0360203725637332
37.25,1.3821779851328986,0.0360185772209315
37.266666666666666,1.3637454976516534,0.0360168514566035
37.28333333333333,1.3455667476653261,0.0360151918425192
37.3,1.3276382429458888,0.0360135951530551
37.31666666666667,1.309956539301669,0.0360120583521452
37.333333333333336,1.292518239928422,0.0360105785805168
37.35,1.2753199947444431,0.0360091531434384
37.36666666666667,1.2583584997142876,0.036007779499242
37.38333333333333,1.2416304962575921,0.0360064552499787
37.4,1.2251327706317554,0.0360051781320634
37.416666666666664,1.2088621533159989,0.0360039460074985
37.43333333333333,1.192815518356158,0.0360027568552021
37.45,1.176989782807088,0.0360016087641666
37.46666666666667,1.1613819061477326,0.0360004999265535
37.483333333333334,1.145988889707738,0.0359994286313025
37.5,1.1308077760391424,0.0359983932575859
37.516666666666666,1.1158356483856355,0.0359973922696909
37.53333333333333,1.1010696301306426,0.035996424211893
37.55,1.086506884260151,0.0359954877037251
37.56666666666667,1.0721446127671246,0.0359945814350478
37.583333333333336,1.0579800561409551,0.0359937041621354
37.6,1.0440104928493075,0.0359928547038546
37.61666666666667,1.0302332388310642,0.0359920319381031
37.63333333333333,1.0166456469386458,0.0359912347981118
37.65,1.0032451064417773,0.0359904622693881
37.666666666666664,0.9900290425434582,0.0359897133868588
37.68333333333333,0.9769949158974944,0.0359889872321445
37.7,0.9641402220933706,0.0359882829308035
37.71666666666667,0.9514624911688546,0.0359875996498973
37.733333333333334,0.9389592871598619,0.0359869365958492
37.75,0.9266282076403266,0.0359862930123392
37.766666666666666,0.9144668832476375,0.0359856681782418
37.78333333333333,0.9024729772054949,0.0359850614056817
37.8,0.8906441849036945,0.035984472038412
37.81666666666667,0.8789782334605544,0.0359838994501852
37.833333333333336,0.8674728812839514,0.0359833430431975
37.85,0.8561259176085244,0.035982802246544
37.86666666666667,0.8449351621004346,0.0359822765149779
37.88333333333333,0.8338984644426153,0.0359817653276507
37.9,0.8230137039268774,0.0359812681869317
37.916666666666664,0.8122787890092554,0.0359807846171938
37.93333333333333,0.8016916569350336,0.0359803141638557
37.95,0.7912502733472211,0.0359798563924161
37.96666666666667,0.7809526319050423,0.0359794108875564
37.983333333333334,0.7707967538613675,0.035978977252204
38.0,0.7607806877034723,0.035978555106794
38.016666666666666,0.7509025087849728,0.035978144088541
38.03333333333333,0.7411603189667026,0.0359777438507656
38.05,0.7315522462193507,0.0359773540621959
38.06666666666667,0.7220764442760181,0.0359769744064084
38.083333333333336,0.7127310922877271,0.0359766045813026
38.1,0.7035143944828608,0.0359762442986143
38.11666666666667,0.6944245797981446,0.0359758932834285
38.13333333333333,0.6854599015390804,0.0359755512737822
38.15,0.6766186370590904,0.0359752180203226
38.166666666666664,0.6678990874350367,0.0359748932859921
38.18333333333333,0.6592995771267751,0.0359745768457388
38.2,0.6508184536446199,0.0359742684862874
38.21666666666667,0.6424540872503508,0.0359739680059762
38.233333333333334,0.6342048706485731,0.0359736752146228
38.25,0.6260692186717837,0.035973389933432
38.266666666666666,0.6180455679570457,0.0359731119949659
38.28333333333333,0.6101323766659259,0.0359728412431773
38.3,0.602328124191399,0.0359725775334853
38.31666666666667,0.5946313108656648,0.0359723207329081
38.333333333333336,0.5870404576484102,0.0359720707202875
38.35,0.5795541058624019,0.0359718273865647
38.36666666666667,0.5721708169162776,0.0359715906351263
38.38333333333333,0.5648891720321795,0.0359713603822205
38.4,0.5577077719473061,0.0359711365575263
38.416666666666664,0.5506252366629735,0.0359709191047596
38.43333333333333,0.5436402051829022,0.0359707079823873
38.45,0.5367513352585418,0.0359705031644304
38.46666666666667,0.5299573031052321,0.0359703046415134
38.483333333333334,0.5232568031624918,0.0359701124219444
38.5,0.5166485478480372,0.0359699265329462
38.516666666666666,0.5101312673176542,0.0359697470220084
38.53333333333333,0.5037037091974347,0.0359695739586161
38.55,0.4973646383539623,0.0359694074360156
38.56666666666667,0.4911128366653541,0.0359692475731556
38.583333333333336,0.484947102793769,0.0359690945168061
38.6,0.4788662519283203,0.0359689484442939
38.61666666666667,0.4728691155708381,0.0359688095661736
38.63333333333333,0.46695454131979075,0.0359686781291566
38.65,0.4611213926543692,0.035968554419302
38.666666666666664,0.4553685486896659,0.0359684387660898
38.68333333333333,0.4496949039783631,0.0359683315462297
38.7,0.44409936830551605,0.0359682331878584
38.71666666666667,0.43858086648089284,0.0359681441751355
38.733333333333334,0.4331383381091748,0.0359680650539052
38.75,0.42777073740603216,0.0359679964367733
38.766666666666666,0.4224770330142548,0.0359679390084047
38.78333333333333,0.417256207761042,0.0359678935329486
38.8,0.4121072585051785,0.0359678608592609
38.81666666666667,0.40702919592725334,0.0359678419282375
38.833333333333336,0.4020210443449066,0.0359678377795797
38.85,0.3970818415266407,0.0359678495588754
38.86666666666667,0.3922106385083953,0.0359678785247214
38.88333333333333,0.38740649942057453,0.0359679260555862
38.9,0.3826685012850321,0.0359679936574762
38.916666666666664,0.3779957338672978,0.0359680829690344
38.93333333333333,0.37338729949060195,0.0359681957684737
38.95,0.36884231286761177,0.0359683339786863
38.96666666666667,0.3643599009320804,0.0359684996718684
38.983333333333334,0.35993920267309504,0.0359686950730189
39.0,0.3555793689716626,0.03596892256247
39.016666666666666,0.35127956243957337,0.0359691846772866
39.03333333333333,0.3470389572604984,0.0359694841113786
39.05,0.342856739031111,0.0359698237143759
39.06666666666667,0.338732104609184,0.0359702064887867
39.083333333333336,0.3346642619742607,0.0359706355902714
39.1,0.330652430040939,0.0359711143204299
39.11666666666667,0.326695838546601,0.0359716461209931
39.13333333333333,0.3227937278878694,0.0359722345742443
39.15,0.3189453489788455,0.0359728833953294
39.166666666666664,0.31514996310958154,0.0359735964304199
39.18333333333333,0.31140684180567135,0.0359743776540278
39.2,0.3077152666905513,0.0359752311677797
39.21666666666667,0.30407452934060925,0.035976161201411
39.233333333333334,0.3004839311620708,0.035977172115233
39.25,0.29694278324990836,0.0359782684063477
39.266666666666666,0.2934504062598753,0.0359794547153987
39.28333333333333,0.29000613027828587,0.0359807358368414
39.3,0.28660929469410934,0.0359821167324038
39.31666666666667,0.2832592480743308,0.0359836025457089
39.333333333333336,0.27995534804818456,0.035985198619289
39.35,0.27669696116960846,0.0359869105159861
39.36666666666667,0.2734834628119694,0.0359887440423733
39.38333333333333,0.27031423704585555,0.0359907052714225
39.4,0.26718867652537676,0.0359928005702488
39.416666666666664,0.26410618237192773,0.0359950366293
39.43333333333333,0.26106616406620625,0.0359974204930753
39.45,0.25806803933938116,0.0359999595918887
39.46666666666667,0.25511123406505454,0.0360026617766791
39.483333333333334,0.2521951821547254,0.0360055353558868
39.5,0.2493193254549805,0.0360085891333363
39.516666666666666,0.2464831136468587,0.0360118324492359
39.53333333333333,0.243686004147188,0.0360152752225538
39.55,0.24092746201205406,0.0360189279958855
39.56666666666667,0.23820695984233248,0.0360228019834786
39.583333333333336,0.2355239776913587,0.0360269091214318
39.6,0.2328780029747204,0.0360312621212055
39.61666666666667,0.23026853038220008,0.036035874526611
39.63333333333333,0.22769506179191115,0.0360407607742492
39.65,0.2251571061866461,0.0360459362581526
39.666666666666664,0.22265417957248398,0.0360514173988654
39.68333333333333,0.22018580489970194,0.0360572217173131
39.7,0.21775151198603415,0.0360633679140938
39.71666666666667,0.21535083744236808,0.0360698759546211
39.733333333333334,0.21298332460090694,0.0360767671605871
39.75,0.21064852344590132,0.0360840643085247
39.766666666666666,0.20834599054702366,0.0360917917359949
39.78333333333333,0.20607528899549257,0.0360999754561377
39.8,0.20383598834305566,0.0361086432814281
39.81666666666667,0.20162766454391595,0.0361178249573469
39.833333333333336,0.19944989989978784,0.0361275523070986
39.85,0.19730228300819094,0.0361378593882184
39.86666666666667,0.19518440871416384,0.0361487826622896
39.88333333333333,0.19309587806555695,0.0361603611789143
39.9,0.19103629827211396,0.0361726367753958
39.916666666666664,0.18900528266859057,0.036185654293618
39.93333333333333,0.187002450682095,0.0361994618155286
39.95,0.18502742780395862,0.0362141109193673
39.96666666666667,0.18307984556641713,0.0362296569584218
39.983333333333334,0.18115934152443283,0.036246159364555
40.0,0.1792655592430167,0.0362636819789911
40.016666666666666,0.177398148290441,0.0362822934129942
40.03333333333333,0.17555676423779112,0.0363020674415134
40.05,0.17374106866533537,0.0363230834330567
40.06666666666667,0.17195072917625104,0.036345426819517
40.083333333333336,0.17018541941830043,0.0363691896100713
40.1,0.1684448191141167,0.0363944709537134
40.11666666666667,0.16672861410081993,0.0364213777555011
40.13333333333333,0.1650364963797808,0.0364500253522797
40.15,0.16336816417742228,0.0364805382541554
40.166666666666664,0.16172332201805642,0.0365130509588654
40.18333333333333,0.16010168080986012,0.0365477088470034
40.2,0.15850295794522687,0.036584669167001
40.21666666666667,0.15692687741685032,0.0366241021198171
40.233333333333334,0.15537316995108094,0.036666192054673
40.25,0.15384157316024924,0.0367111387883354
40.266666666666666,0.1523318317158604,0.0367591590622115
40.28333333333333,0.1508436975447799,0.0368104881532767
40.3,0.14937693005079897,0.0368653816568935
40.31666666666667,0.1479312963642244,0.0369241174618813
40.333333333333336,0.14650657162249484,0.0369869979410649
40.35,0.14510253928516764,0.0370543523833361
40.36666666666667,0.143718991487046,0.0371265396969602
40.38333333333333,0.14235572943368555,0.037203951417854
40.4,0.14101256384405775,0.0372870150611432
40.416666666666664,0.13968931544575927,0.0373761978596773
40.43333333333333,0.13838581552885534,0.037472010939341
40.45,0.1371019065652442,0.0375750139880319
40.46666666666667,0.13583744290134256,0.0376858204834173
40.483333333333334,0.13459229153293964,0.037805103554062
40.5,0.1333663329722614,0.0379336025594332
40.516666666666666,0.13215946221869718,0.0380721304873346
40.53333333333333,0.130971589846188,0.0382215822816811
40.55,0.12980264322214827,0.0383829442313772
40.56666666666667,0.1286525678748925,0.0385573045709369
40.583333333333336,0.1275213290290257,0.0387458654672037
40.6,0.12640891333094675,0.0389499565934936
40.61666666666667,0.12531533079027174,0.0391710505274281
40.63333333333333,0.12424061696634846,0.0394107802419012
40.65,0.12318483543386559,0.0396709590086519
40.666666666666664,0.12214808056657732,0.0399536030835276
40.68333333333333,0.12113048068448709,0.0402609576054644
40.7,0.12013220161611725,0.0405955262108393
40.71666666666667,0.1191534507377284,0.0409601049666133
40.733333333333334,0.11819448155872184,0.0413578213001243
40.75,0.11725559893583673,0.0417921787550425
40.766666666666666,0.11633716501130655,0.0422671085307206
40.78333333333333,0.11543960598670215,0.0427870289330699
40.8,0.11456341986269482,0.0433569140772671
40.81666666666667,0.11370918529709419,0.043982373413013
40.833333333333336,0.1128775717603247,0.0446697439375776
40.85,0.11206935119802942,0.045426197293733
40.86666666666667,0.1112854114477134,0.0462598643524818
40.88333333333333,0.11052677169930873,0.0471799803495156
40.9,0.10979460034131001,0.048197054197849
40.916666666666664,0.10909023559409205,0.0493230662382315
40.93333333333333,0.10841520940362148,0.0505716994400022
40.95,0.10777127515171918,0.0519586099066277
40.96666666666667,0.10716043983635001,0.0535017434986305
40.983333333333334,0.1065850014876277,0.0552217064345393
41.0,0.1060475927141016,0.057142198837788
41.016666666666666,0.1055512314192668,0.0592905213091106
41.03333333333333,0.10509937988937659,0.0616981656063805
41.05,0.10469601362709904,0.0644015012295351
41.06666666666667,0.10434570148419843,0.0674425698563878
41.083333333333336,0.10405369881751454,0.070869998725263
41.1,0.10382605553470713,0.0747400415838364
41.11666666666667,0.10366974097600869,0.0791177508301294
41.13333333333333,0.10359278754524921,0.0840782757540484
41.15,0.10360445478521832,0.089708267799483
41.166666666666664,0.10371541508943581,0.0961073526780822
41.18333333333333,0.10393796132488287,0.1033895990869258
41.2,0.1042862351544983,0.1116848732557859
41.21666666666667,0.10477647253503684,0.1211399234803677
41.233333333333334,0.10542726080583266,0.1319189403859113
41.25,0.10625979352126265,0.1442033934507177
41.266666666666666,0.10729811258913936,0.1581907147301929
41.28333333333333,0.10856931270735734,0.1740915775058106
41.3,0.11010368422007713,0.1921254507460112
41.31666666666667,0.11193476508916898,0.2125142878041793
41.333333333333336,0.11409927206015143,0.2354744472167457
41.35,0.1166368879513342,0.2612072552261177
41.36666666666667,0.11958988838706436,0.289888923674215
41.38333333333333,0.12300260826851121,0.3216608256371613
41.4,0.12692076507330013,0.3566212277271508
41.416666666666664,0.13139067348177752,0.3948194621683469
41.43333333333333,0.1364583998119611,0.4362532125023972
41.45,0.14216891153613384,0.4808690276680523
41.46666666666667,0.14856527076837472,0.5285659854523909
41.483333333333334,0.15568792204825688,0.5792017073316433
41.5,0.16357410398808173,0.632600013619434
41.516666666666666,0.17225740278628066,0.6885592888265363
41.53333333333333,0.18176745098550962,0.7468608232419887
41.55,0.19212976405222393,0.8072765414726061
41.56666666666667,0.20336569940214272,0.8695757308943501
41.583333333333336,0.21549251769886343,0.9335305856533492
41.6,0.2285235248901075,0.9989205261119158
41.61666666666667,0.24246827403734833,1.0655353633324185
41.63333333333333,0.2573328082249093,1.1331774370638086
41.65,0.27311992785300915,1.2016629017151308
41.666666666666664,0.28982946988174324,1.2708223162805183
41.68333333333333,0.30745858823307304,1.3405007066659564
41.7,0.3260020279994118,1.4105572368858603
41.71666666666667,0.34545238804289846,1.4808646079059706
41.733333333333334,0.3658003683817971,1.5513082813218932
41.75,0.38703500044386735,1.6217855992529644
41.766666666666666,0.4091438590893598,1.692204858857349
41.78333333333333,0.43211325631975495,1.7624843812674156
41.8,0.4559284170536712,1.8325516040730008
41.81666666666667,0.4805736377901344,1.90234221577992
41.833333333333336,0.5060324291942724,1.971799344388682
41.85,0.532287643773412,2.040872805957929
41.86666666666667,0.5593215898724321,2.1095184156697013
41.88333333333333,0.5871161332130305,2.1776973609118264
41.9,0.6156527871514841,2.245375634211461
41.916666666666664,0.6449127927445777,2.3125235226614422
41.93333333333333,0.6748771898223219,2.3791151494907647
41.95,0.7055268797277751,2.4451280645352327
41.96666666666667,0.736842680903262,2.510542877767044
41.983333333333334,0.7688053779051007,2.5753429329994098
42.0,0.8013957647165816,2.6395140166287376
42.016666666666666,0.8345946828361666,2.70304409871264
42.03333333333333,0.8683830548457676,2.7659231020628527
42.05,0.9027419138879633,2.828142696723385
42.06666666666667,0.9376524295117226,2.889696116939234
42.083333333333336,0.973095930333904,2.9505779977914552
42.1,1.0090539237933225,3.01078422971428
42.11666666666667,1.0455081133884234,3.0703118284161537
42.13333333333333,1.082440413624073,3.12915881874396
42.15,1.1198329629327715,3.187324130808206
42.166666666666664,1.1576681348043594,3.2448075068810827
42.18333333333333,1.1959285472819043,3.301609418067561
42.2,1.234597071038963,3.357730989405753
42.21666666666667,1.2736568361571228,3.413173932651993
42.233333333333334,1.3130912377579145,3.4679404858019303
42.25,1.352883940611656,3.5220333586011505
42.266666666666666,1.3930188828158632,3.575455683481488
42.28333333333333,1.4334802786623653,3.6282109712148
42.3,1.4742526207578155,3.6803030708957305
42.31666666666667,1.5153206814890465,3.731736133721027
42.333333333333336,1.5566695139004332,3.782514580187193
42.35,1.5982844520332422,3.8326430703996
42.36666666666667,1.6401511107985265,3.8821264770939634
42.38333333333333,1.6822553854249596,3.930969861157621
42.4,1.7245834505297557,3.979178449352701
42.416666666666664,1.7671217588450576,4.026757614107691
42.43333333333333,1.8098570396457936,4.073712855070155
42.45,1.8527762969081,4.120049782301894
42.46666666666667,1.8958668072262077,4.165774100977343
42.483333333333334,1.9391161175161098,4.210891597395829
42.5,1.9825120425335503,4.255408126206529
42.516666666666666,2.026042662213333,4.29932959879743
42.53333333333333,2.0696963188727358,4.342661972580279
42.55,2.113461614278047,4.385411241253337
42.56666666666667,2.157327406597895,4.427583425884872
42.583333333333336,2.201282807258171,4.4691845667222845
42.6,2.2453171777098637,4.510220715709045
42.61666666666667,2.2894201261222724,4.550697929624147
42.63333333333333,2.3335815040139196,4.59062226377836
42.65,2.377791402829191,4.62999976624554
42.666666666666664,2.42204015047077,4.668836472566739
42.68333333333333,2.4663183077959143,4.707138400884022
42.7,2.5106166650835733,4.744911547477004
42.71666666666667,2.554926238479384,4.782161882664773
42.733333333333334,2.5992382664245914,4.818895347037791
42.75,2.6435442060742744,4.855117847997598
42.766666666666666,2.687835729709942,4.890835256576377
42.78333333333333,2.7321047211510465,4.926053404511962
42.8,2.776343272169427,4.960778081558668
42.81666666666667,2.820543678910408,4.995015033013234
42.833333333333336,2.8646984383238707,5.028769957437722
42.85,2.9088002446082677,5.0620485045633234
42.86666666666667,2.9528419856693975,5.094856273359282
42.88333333333333,2.996816739551023,5.127198810240789
42.9,3.0407177709678743,5.159081607441359
42.916666666666664,3.084538528019345,5.190510101610452
42.93333333333333,3.1282726384337383,5.221489672160752
42.95,3.1719139062510284,5.252025640095003
42.96666666666667,3.21545630840637,5.2821232668789815
42.983333333333334,3.2588939912820205,5.3117877532904965
43.0,3.3022212677122575,5.34102423842799
43.016666666666666,3.345432613296606,5.36983779857048
43.03333333333333,3.388522663099286,5.398233446398781
43.05,3.4314862085373092,5.426216130213838
43.06666666666667,3.4743181941698507,5.45379073309636
43.083333333333336,3.517013714564115,5.480962072137229
43.1,3.559568010876427,5.507734897708131
43.11666666666667,3.6019764678720962,5.5341138928373885
43.13333333333333,3.6442346108629784,5.560103672557187
43.15,3.6863381027110798,5.58570878329259
43.166666666666664,3.728282740626092,5.610933702234841
43.18333333333333,3.7700644531562664,5.635782836765126
43.2,3.811679297328454,5.660260523901051
43.21666666666667,3.8531234557323297,5.684371029739053
43.233333333333334,3.894393233605311,5.708118548898226
43.25,3.9354850557712555,5.73150720393141
43.266666666666666,3.976395463953788,5.754541044796905
43.28333333333333,4.017121113970665,5.777224048298661
43.3,4.057658772999382,5.799560117528834
43.31666666666667,4.098005316646094,5.821553081252104
43.333333333333336,4.1381577262583455,5.843206693310128
43.35,4.178113086306348,5.864524632028505
43.36666666666667,4.217868581784118,5.885510499605885
43.38333333333333,4.25742149535779,5.906167821411984
43.4,4.296769204772387,5.926500045300763
43.416666666666664,4.3359091803494625,5.946510540923519
43.43333333333333,4.374838982465552,5.966202599005257
43.45,4.413556258882827,5.98557943053768
43.46666666666667,4.4520587421456845,6.004644165932347
43.483333333333334,4.490344247207851,6.023399854204572
43.5,4.528410668976181,6.041849462090799
43.516666666666666,4.566255979796312,6.05999587309414
43.53333333333333,4.603878226848822,6.077841886423444
43.55,4.641275529869938,6.0953902160021975
43.56666666666667,4.678446078755421,6.112643489380208
43.583333333333336,4.715388131165363,6.129604246585265
43.6,4.752100009930739,6.1462749387954325
43.61666666666667,4.788580100830123,6.16265792711597
43.63333333333333,4.824826850243757,6.178755481235183
43.65,4.860838762841774,6.194569778029507
43.666666666666664,4.896614399008687,6.21010289991206
43.68333333333333,4.932152372634536,6.225356833308543
43.7,4.967451348808305,6.240333467001085
43.71666666666667,5.0025100415483665,6.255034590417847
43.733333333333334,5.0373272112522915,6.269461891600962
43.75,5.071901662456116,6.2836169552895855
43.766666666666666,5.106232241552438,6.297501260886492
43.78333333333333,5.140317834521032,6.311116180344012
43.8,5.174157364405488,6.324462975690842
43.81666666666667,5.207749788989937,6.337542796598893
43.833333333333336,5.241094098523663,6.350356677895205
43.85,5.274189313405007,6.36290553692646
43.86666666666667,5.307034481682933,6.375190170580984
43.88333333333333,5.339628676594127,6.387211252173204
43.9,5.371970994267704,6.398969328402218
43.916666666666664,5.404060551326279,6.41046481606044
43.93333333333333,5.435896482370226,6.421697998432739
43.95,5.467477937346336,6.432669021327088
43.96666666666667,5.498804079180025,6.443377889326575
43.983333333333334,5.52987408125646,6.4538244616800124
44.0,5.560687124834467,6.464008447919145
44.016666666666666,5.591242396211217,6.473929402826875
44.03333333333333,5.6215390842185595,6.483586721778307
44.05,5.6515763775365855,6.492979635606844
44.06666666666667,5.6813534619741315,6.502107205228911
44.083333333333336,5.71086951738648,6.510968315306541
44.1,5.740123714954169,6.519561668397238
44.11666666666667,5.769115214273982,6.527885778549848
44.13333333333333,5.797843160427216,6.535938964661185
44.15,5.826306680593037,6.543719342544749
44.166666666666664,5.854504881013839,6.551224817535498
44.18333333333333,5.882436843791389,6.558453076516527
44.2,5.910101623647987,6.565401579664425
44.21666666666667,5.9374982441684985,6.572067550614315
44.233333333333334,5.964625694326264,6.578447967062261
44.25,5.991482924903845,6.58453955090484
44.266666666666666,6.018068844818437,6.590338757928928
44.28333333333333,6.044382316925978,6.59584176579698
44.3,6.070422153947534,6.601044462089352
44.31666666666667,6.096187114414228,6.605942432218001
44.333333333333336,6.121675898416693,6.610530946599659
44.35,6.146887142878066,6.6148049461882925
44.36666666666667,6.1718194166966045,6.618759027364247
44.38333333333333,6.196471216095518,6.622387427309806
44.4,6.220840959645341,6.625684008250229
44.416666666666664,6.244926982878994,6.628642240268444
44.43333333333333,6.26872753246688,6.631255182562393
44.45,6.292240760822143,6.63351546601142
44.46666666666667,6.315464720250022,6.635415274239408
44.483333333333334,6.338397356723671,6.636946323431196
44.5,6.3610365029460985,6.638099839826855
44.516666666666666,6.383379872027786,6.638866539278899
44.53333333333333,6.405425050616351,6.639236605101717
44.55,6.427169491679128,6.639199664902596
44.56666666666667,6.448610506273112,6.638744764368665
44.583333333333336,6.469745256148166,6.637860343965953
44.6,6.490570745696792,6.636534213774184
44.61666666666667,6.511083813613367,6.634753527681573
44.63333333333333,6.531281123258329,6.632504754013111
44.65,6.551159154015368,6.629773649679674
44.666666666666664,6.570714191991345,6.626545232745332
44.68333333333333,6.589942320444696,6.622803754637292
44.7,6.608839408601966,6.6185326683661705
44.71666666666667,6.627401101762993,6.6137146011980645
44.733333333333334,6.645622810642208,6.608331325752703
44.75,6.663499700614625,6.602363731452718
44.766666666666666,6.681026678871673,6.595791791344302
44.78333333333333,6.698198383310748,6.588594534588289
44.8,6.715009170636008,6.580750017588053
44.81666666666667,6.731453104204526,6.572235295287083
44.833333333333336,6.747523939820012,6.563026388826394
44.85,6.763215113424597,6.553098258947377
44.86666666666667,6.778519728138066,6.542424778669441
44.88333333333333,6.793430540777686,6.53097870580285
44.9,6.807939946338504,6.518731652934322
44.916666666666664,6.822039964892931,6.5056540636556015
44.93333333333333,6.835722227585244,6.4917151878794686
44.95,6.848977961214614,6.476883055976748
44.96666666666667,6.861797973441124,6.46112445563942
44.983333333333334,6.87417263908825,6.444404912528509
45.0,6.886091885159962,6.426688668367388
45.016666666666666,6.897545170310474,6.407938655893871
45.03333333333333,6.908521478158672,6.3881164922682805
45.05,6.919009295207861,6.367182453833631
45.06666666666667,6.928996595957221,6.345095464872016
45.083333333333336,6.938470835276712,6.321813091672067
45.1,6.947418919082629,6.2972915227755
45.11666666666667,6.955827199952264,6.271485566232118
45.13333333333333,6.963681458869672,6.244348646054582
45.15,6.970966889584608,6.215832802049274
45.166666666666664,6.977668084301692,6.185888690694347
45.18333333333333,6.983769018754458,6.154465587933845
45.2,6.989253038000048,6.121511400449783
45.21666666666667,6.994102842529167,6.0869726797966175
45.233333333333334,6.9983004749316144,6.050794639663706
45.25,7.001827307083515,6.012921178572728
45.266666666666666,7.0046640278141785,5.973294908668257
45.28333333333333,7.006790630823509,5.93185719239819
45.3,7.008186404335358,5.888548182926071
45.31666666666667,7.008829921197131,5.843306873525313
45.333333333333336,7.0086990299537835,5.796071154098555
45.35,7.007770847075007,5.74677787577643
45.36666666666667,7.006021750139175,5.695362929762078
45.38333333333333,7.003427373150819,5.641761331882221
45.4,6.999962603057738,5.585907319880461
45.416666666666664,6.995601578016257,5.527734460407176
45.43333333333333,6.990317687414078,5.46717577591446
45.45,6.984083574528492,5.404163887935188
45.46666666666667,6.9768711414514435,5.338631169329962
45.483333333333334,6.9686515565229055,5.270509918640569
45.5,6.959395264366513,5.199732550085527
45.516666666666666,6.949072000184613,5.126231822712915
45.53333333333333,6.9376508073106455,5.049941083400732
45.55,6.9251000583988365,4.970794535483265
45.56666666666667,6.911387480922698,4.888727539762814
45.583333333333336,6.896480187599756,4.803676952766927
45.6,6.8803447148370624,4.715581531098282
45.61666666666667,6.862947064461471,4.624382350323046
45.63333333333333,6.844252753197342,4.530023289910731
45.65,6.8242268684675995,4.432451568007418
45.666666666666664,6.802834137380787,4.33161839155698
45.68333333333333,6.78003900442238,4.227479679821314
45.7,6.755805718301154,4.119996872379327
45.71666666666667,6.7300984363011285,4.009137892480518
45.733333333333334,6.7028813272915775,3.8948781187336254
45.75,6.674118730205142,3.777201933870531
45.766666666666666,6.643775300227221,3.656104121156158
45.78333333333333,6.611816183479545,3.5315915879570827
45.8,6.578207233103218,3.4036855503041976
45.81666666666667,6.542915273564855,3.27242436167763
45.833333333333336,6.505908358878376,3.1378665352388926
45.85,6.4671561810921325,3.0000949028618726
45.86666666666667,6.426630439820168,2.8592208771919894
45.88333333333333,6.384305329886963,2.7153910206451397
45.9,6.340158204367692,2.5687950888982214
45.916666666666664,6.294170277047809,2.419674664864936
45.93333333333333,6.246327531567656,2.2683360770870657
45.95,6.196621847656017,2.1151657947288185
45.96666666666667,6.145052434485597,1.960649730704623
45.983333333333334,6.091627544821037,1.8053975470700123
46.0,6.036366602858645,1.650171295681287
46.016666666666666,5.979302907554985,1.4959191613784508
46.03333333333333,5.92048677746334,1.3438074948615448
46.05,5.859989124310856,1.19524536607456
46.06666666666667,5.797905249740907,1.0518832775979046
46.083333333333336,5.734358175363873,0.9155619541880046
46.1,5.669500451260784,0.7881844440896624
46.11666666666667,5.603513163834933,0.6715077981363088
46.13333333333333,5.5366010366848935,0.5668905912794041
46.15,5.468983627934279,0.4750806966674564
46.166666666666664,5.4008840679305825,0.3961273695398631
46.18333333333333,5.3325177701950395,0.329442798156854
46.2,5.264083292147499,0.2739711806409176
46.21666666666667,5.195756502421077,0.2283917162537929
46.233333333333334,5.127688050621095,0.1912976487977345
46.25,5.060003435670855,0.1613250379310306
46.266666666666666,4.992804765487892,0.1372299289593729
46.28333333333333,4.926173414495456,0.1179244700611639
46.3,4.860172991187254,0.1024854088494163
46.31666666666667,4.794852258733872,0.0901459338061937
46.333333333333336,4.730247799972808,0.080279227758804
46.35,4.666386342523415,0.0723788782911031
46.36666666666667,4.603286723325965,0.0660392842181315
46.38333333333333,4.540961514645827,0.0609376068195083
46.4,4.479418346333219,0.0568180197789823
46.416666666666664,4.418660969602665,0.053478390032379
46.43333333333333,4.358690105214263,0.0507592866012047
46.45,4.299504115477218,0.0485350483649966
46.46666666666667,4.241099534118325,0.0467066186367182
46.483333333333334,4.183471482937358,0.0451958431542449
46.5,4.126613998376184,0.0439409672900577
46.516666666666666,4.070520287491218,0.0428930929359143
46.53333333333333,4.015182928253532,0.0420134028742201
46.55,3.960594026359052,0.0412709903721953
46.56666666666667,3.906745338095383,0.0406411638078704
46.583333333333336,3.8536283666059554,0.0401041242857575
46.6,3.801234437477347,0.0396439330256773
46.61666666666667,3.7495547581364295,0.0392477049167774
46.63333333333333,3.6985804645823466,0.0389049780884737
46.65,3.648302658238403,0.0386072197980797
46.666666666666664,3.598712435018086,0.0383474388148482
46.68333333333333,3.5498009082935087,0.0381198803325874
46.7,3.5015592270546927,0.0379197852152312
46.71666666666667,3.4539785902594438,0.0377431995501079
46.733333333333334,3.4070502581775752,0.0375868233298385
46.75,3.3607655613354046,0.0374478899215813
46.766666666666666,3.3151159075498358,0.0373240696579444
46.78333333333333,3.270092787435285,0.0372133923995453
46.8,3.225687778676103,0.0371141851893714
46.81666666666667,3.181892549321641,0.0370250216344309
46.833333333333336,3.1386988602713357,0.0369446808956658
46.85,3.096098567105314,0.0368721142825432
46.86666666666667,3.0540836213999487,0.0368064176888724
46.88333333333333,3.012646071613211,0.0367468089354743
46.9,2.9717780636028857,0.0366926092299076
46.916666666666664,2.931471840861604,0.0366432276923392
46.93333333333333,2.8917197445262066,0.0365981482969708
46.95,2.8525142131764962,0.0365569191900009
46.96666666666667,2.8138477824788977,0.0365191436297604
46.983333333333334,2.7757130846989697,0.0364844723203881
47.0,2.738102848100749,0.0364525969987331
47.016666666666666,2.701009896258126,0.0364232449570273
47.03333333333333,2.664427147292202,0.0363961743786984
47.05,2.6283476130468433,0.0363711703765063
47.06666666666667,2.592764398215438,0.0363480415861448
47.083333333333336,2.557670699427329,0.0363266172422795
47.1,2.5230598043016506,0.0363067446656696
47.11666666666667,2.488925090475695,0.0362882870883746
47.13333333333333,2.455260024613095,0.036271121772001
47.15,2.4220581613965564,0.0362551383757237
47.166666666666664,2.3893131425063943,0.0362402375337801
47.18333333333333,2.3570186955876347,0.0362263296097607
47.2,2.3251686332231274,0.0362133336233804
47.21666666666667,2.2937568519453864,0.0362011763537103
47.233333333333334,2.262777331148484,0.0361897913935864
47.25,2.2322241320547067,0.0361791184625907
47.266666666666666,2.202091396677493,0.0361691028028508
47.28333333333333,2.172373346827053,0.036159694598463
47.3,2.1430642830861553,0.0361508484428262
47.31666666666667,2.1141585837936945,0.0361425228906545
47.333333333333336,2.085650704030321,0.0361346800901392
47.35,2.057535174576971,0.0361272854203901
47.36666666666667,2.0298066009729587,0.0361203071729482
47.38333333333333,2.002459662537045,0.0361137162746305
47.4,1.9754891114041422,0.0361074860452816
47.416666666666664,1.9488897714884528,0.0361015919598481
47.43333333333333,1.9226565375771774,0.0360960114561361
47.45,1.8967843743931017,0.0360907237576701
47.46666666666667,1.8712683156819465,0.0360857097161003
47.483333333333334,1.8461034632324904,0.0360809516573017
47.5,1.821284985967782,0.0360764332523689
47.516666666666666,1.7968081190713923,0.0360721394051375
47.53333333333333,1.7726681631016619,0.0360680561462496
47.55,1.7488604831069527,0.0360641705361406
47.56666666666667,1.7253805077004527,0.0360604705729908
47.583333333333336,1.7022237282455819,0.0360569451199478
47.6,1.6793856980084851,0.0360535838337117
47.61666666666667,1.6568620313375064,0.0360503771008177
47.63333333333333,1.634648402775321,0.0360473159743777
47.65,1.612740546262524,0.0360443921230582
47.666666666666664,1.5911342543466183,0.0360415977834972
47.68333333333333,1.5698253773935187,0.0360389257161715
47.7,1.5488098227837144,0.0360363691638437
47.71666666666667,1.5280835541082003,0.0360339218137355
47.733333333333334,1.5076425904304875,0.0360315777648831
47.75,1.487483005540424,0.0360293314977293
47.766666666666666,1.4676009272150035,0.0360271778461769
47.78333333333333,1.4479925364152102,0.0360251119694223
47.8,1.4286540666071703,0.0360231293297855
47.81666666666667,1.4095818030512983,0.0360212256710525
47.833333333333336,1.3907720821089296,0.0360193969987154
47.85,1.3722212904761373,0.0360176395597218
47.86666666666667,1.353925864533371,0.0360159498266724
47.88333333333333,1.3358822896756086,0.0360143244823885
47.9,1.3180870996597283,0.036012760405766
47.916666666666664,1.3005368758819877,0.0360112546571893
47.93333333333333,1.2832282467483218,0.0360098044668803
47.95,1.2661578870466674,0.0360084072238475
47.96666666666667,1.2493225173277227,0.0360070604655744
47.983333333333334,1.2327189032330594,0.0360057618675476
48.0,1.2163438548786567,0.0360045092344174
48.016666666666666,1.2001942262699392,0.0360033004920494
48.03333333333333,1.18426691471073,0.0360021336798789
48.05,1.168558860184838,0.0360010069433913
48.06666666666667,1.1530670447494615,0.0359999185272917
48.083333333333336,1.137788491990696,0.0359988667697356
48.1,1.1227202664603209,0.0359978500966099
48.11666666666667,1.1078594731047486,0.0359968670160603
48.13333333333333,1.0932032566738568,0.0359959161132133
48.15,1.0787488012104047,0.0359949960459089
48.166666666666664,1.0644933295152632,0.0359941055403962
48.18333333333333,1.050434102617748,0.0359932433872968
48.2,1.0365684192051599,0.0359924084375298
48.21666666666667,1.0228936151399053,0.0359915995990952
48.233333333333334,1.0094070629536425,0.0359908158338186
48.25,0.9961061713532985,0.0359900561543314
48.266666666666666,0.9829883846764182,0.0359893196209345
48.28333333333333,0.9700511824299698,0.0359886053391238
48.3,0.9572920788140015,0.0359879124571221
48.31666666666667,0.9447086222578165,0.035987240163588
48.333333333333336,0.9322983949057355,0.0359865876852122
48.35,0.9200590121722285,0.03598595428478
48.36666666666667,0.9079881222954111,0.0359853392592964
48.38333333333333,0.8960834058982272,0.0359847419382243
48.4,0.8843425755090024,0.0359841616816565
48.416666666666664,0.8727633751277007,0.0359835978787724
48.43333333333333,0.8613435798095859,0.0359830499464164
48.45,0.8500809952469538,0.035982517327728
48.46666666666667,0.8389734573274403,0.0359819994907657
48.483333333333334,0.8280188317078458,0.0359814959272642
48.5,0.8172150134268448,0.0359810061515595
48.516666666666666,0.8065599265064991,0.035980529699525
48.53333333333333,0.7960515235447357,0.0359800661275367
48.55,0.785687785299468,0.035979615011484
48.56666666666667,0.775466720326339,0.0359791759459581
48.583333333333336,0.765386364600111,0.035978748543435
48.6,0.7554447811373096,0.0359783324335045
48.61666666666667,0.7456400595939038,0.0359779272621017
48.63333333333333,0.7359703159238911,0.0359775326909024
48.65,0.7264336920209306,0.035977148396715
48.666666666666664,0.7170283553668093,0.0359767740709204
48.68333333333333,0.7077524986463053,0.0359764094189052
48.7,0.69860433942248,0.035976054159631
48.71666666666667,0.689582119798729,0.0359757080252124
48.733333333333334,0.6806841060895273,0.0359753707605392
48.75,0.671908588455158,0.0359750421229033
48.766666666666666,0.6632538805902324,0.0359747218817314
48.78333333333333,0.6547183194061613,0.0359744098183421
48.8,0.6463002647208399,0.0359741057257446
48.81666666666667,0.6379980989159512,0.0359738094084653
48.833333333333336,0.6298102266352016,0.035973520682455
48.85,0.6217350744874292,0.0359732393750386
48.86666666666667,0.6137710907522196,0.035972965324907
48.88333333333333,0.60591674506141,0.0359726983821668
48.9,0.5981705281048404,0.0359724384084644
48.916666666666664,0.5905309513534778,0.0359721852771619
48.93333333333333,0.5829965467792575,0.0359719388735702
48.95,0.5755658665607766,0.0359716990952683
48.96666666666667,0.5682374827956718,0.0359714658525237
48.983333333333334,0.5610099872426306,0.0359712390687608
49.0,0.5538819910546848,0.0359710186811194
49.016666666666666,0.546852124506864,0.0359708046411285
49.03333333333333,0.5399190367171652,0.0359705969155472
49.05,0.5330813954045477,0.0359703954872377
49.06666666666667,0.5263378866360531,0.0359702003561822
49.083333333333336,0.5196872145736996,0.0359700115406442
49.1,0.5131281012055113,0.0359698290786176
49.11666666666667,0.5066592861175933,0.0359696530292751
49.13333333333333,0.5002795262523704,0.0359694834746565
49.15,0.4939875956818255,0.0359693205214447
49.166666666666664,0.4877822853364912,0.0359691643033715
49.18333333333333,0.48166240279814837,0.0359690149834332
49.2,0.4756267720762656,0.0359688727564197
49.21666666666667,0.46967423337853914,0.0359687378517897
49.233333333333334,0.46380364286818726,0.0359686105371717
49.25,0.4580138724643418,0.0359684911216569
49.266666666666666,0.45230380963210864,0.0359683799594729
49.28333333333333,0.4466723571588551,0.0359682774542801
49.3,0.44111843293205444,0.0359681840640381
49.31666666666667,0.43564096974939454,0.0359681003055991
49.333333333333336,0.43023891512095086,0.0359680267597413
49.35,0.4249112310553756,0.0359679640770683
49.36666666666667,0.41965689384952143,0.0359679129845029
49.38333333333333,0.41447489391067716,0.0359678742909653
49.4,0.4093642355643226,0.0359678488940053
49.416666666666664,0.40432393685770585,0.0359678377868362
49.43333333333333,0.3993530293761114,0.0359678420652042
49.45,0.3944505580546353,0.0359678629346523
49.46666666666667,0.38961558100033955,0.0359679017174964
49.483333333333334,0.3848471693057446,0.0359679598601991
49.5,0.38014440687792067,0.0359680389392453
49.516666666666666,0.37550639026511173,0.0359681406677684
49.53333333333333,0.37093222848270563,0.035968266901248
49.55,0.36642104284454347,0.0359684196424684
49.56666666666667,0.36197196679600796,0.0359686010455378
49.583333333333336,0.35758414574954095,0.0359688134188354
49.6,0.35325673692245896,0.0359690592270047
49.61666666666667,0.3489889091770211,0.0359693410916231
49.63333333333333,0.3447798428626341,0.0359696617907042
49.65,0.3406287296519112,0.0359700242564715
49.666666666666664,0.3365347724231115,0.0359704315738052
49.68333333333333,0.33249718505043474,0.0359708869787403
49.7,0.3285151922993181,0.0359713938478853
49.71666666666667,0.3245880296648191,0.035971955699238
49.733333333333334,0.3207149432225145,0.0359725761874618
49.75,0.31689518949249007,0.0359732590983135
49.766666666666666,0.3131280352931838,0.0359740083474648
49.78333333333333,0.3094127576035496,0.0359748279777974
49.8,0.30574864342568026,0.0359757221597872
49.81666666666667,0.3021349896423365,0.0359766951929034
49.833333333333336,0.2985711028948242,0.0359777515101773
49.85,0.29505629944192174,0.0359788956852589
49.86666666666667,0.29158990503314947,0.0359801324397831
49.88333333333333,0.28817125477967725,0.0359814666567446
49.9,0.2847996930277963,0.0359829033935936
49.916666666666664,0.2814745732382996,0.0359844478991698
49.93333333333333,0.27819525786181076,0.035986105631313
49.95,0.27496111821608366,0.0359878822813846
49.96666666666667,0.27177153437113677,0.0359897837963831
49.983333333333334,0.2686258950336589,0.0359918164040568
50.0,0.26552359743125886,0.0359939866418831
50.016666666666666,0.26246404719947897,0.0359963013870088
50.03333333333333,0.25944665827533064,0.0359987678876578
50.05,0.25647085278729176,0.0360013937960329
50.06666666666667,0.2535360609498522,0.0360041872048901
50.083333333333336,0.25064172095977155,0.036007156684428
50.1,0.24778727889448401,0.0360103113221003
50.11666666666667,0.2449721886124715,0.0360136607644143
50.13333333333333,0.24219591165577997,0.0360172152602678
50.15,0.23945791715457995,0.036020985707841
50.166666666666664,0.23675768173385278,0.0360249837036398
50.18333333333333,0.2340946894222047,0.0360292215943528
50.2,0.23146843156280741,0.0360337125323477
50.21666666666667,0.22887840672652118,0.0360384705343899
50.233333333333334,0.22632412062721805,0.0360435105442884
50.25,0.223805086039338,0.03604884849993
50.266666666666666,0.22132082271773904,0.0360545014048534
50.28333333333333,0.21887085731984895,0.0360604874049434
50.3,0.21645472333024868,0.0360668258708823
50.31666666666667,0.21407196098767403,0.0360735374865636
50.333333333333336,0.21172211721455683,0.0360806443443139
50.35,0.20940474554916738,0.0360881700474984
50.36666666666667,0.20711940608044963,0.0360961398210692
50.38333333333333,0.20486566538569198,0.0361045806310539
50.4,0.20264309647105158,0.0361135213134429
50.416666666666664,0.20045127871516769,0.0361229927137533
50.43333333333333,0.19828979781593545,0.0361330278379968
50.45,0.19615824574061774,0.0361436620161849
50.46666666666667,0.1940562206794789,0.0361549330796356
50.483333333333334,0.19198332700305334,0.0361668815530508
50.5,0.18993917522341727,0.0361795508634873
50.516666666666666,0.1879233819595202,0.0361929875668896
50.53333333333333,0.18593556990694088,0.0362072415945469
50.55,0.1839753678123063,0.0362223665212145
50.56666666666667,0.1820424104526984,0.0362384198568793
50.583333333333336,0.18013633862039488,0.0362554633646874
50.6,0.17825679911330475,0.0362735634074338
50.61666666666667,0.17640344473154154,0.0362927913256211
50.63333333333333,0.1745759342805808,0.0363132238501726
50.65,0.17277393258152174,0.0363349435533289
50.666666666666664,0.17099711048901475,0.0363580393416645
50.68333333333333,0.1692451449174901,0.0363826069955922
50.7,0.1675177188763688,0.0364087497601162
50.71666666666667,0.1658145215150396,0.0364365789923817
50.733333333333334,0.16413524817844732,0.0364662148719594
50.75,0.16247960047424512,0.0364977871806304
50.766666666666666,0.16084728635255968,0.0365314361592465
50.78333333333333,0.15923802019954897,0.0365673134501319
50.8,0.1576515229460414,0.0366055831343976
50.81666666666667,0.15608752219272273,0.0366464228749739
50.833333333333336,0.15454575235347975,0.0366900251771975
50.85,0.153025954818713,0.0367365987804171
50.86666666666667,0.15152787814063048,0.0367863701958083
50.88333333333333,0.15005127824278808,0.0368395854074847
50.9,0.14859591865639124,0.0368965117561006
50.916666666666664,0.14716157078620035,0.0369574400269175
50.93333333333333,0.1457480142092105,0.0370226867669244
50.95,0.1443550370096789,0.0370925968590116
50.96666666666667,0.14298243615451092,0.0371675463850276
50.983333333333334,0.14163001791352856,0.0372479458138082
51.0,0.140297598329714,0.0373342435552875
51.016666666666666,0.13898500374518608,0.037426929927593
51.03333333333333,0.13769207138941225,0.0375265415906044
51.05,0.1364186500370197,0.0376336665071425
51.06666666666667,0.13516460074355308,0.0377489495018404
51.083333333333336,0.13392979766864496,0.0378730984979213
51.1,0.13271412899738302,0.0380068915242754
51.11666666666667,0.13151749797212117,0.0381511845986915
51.13333333333333,0.1303398240487196,0.0383069206095524
51.15,0.12918104419316995,0.0384751393370411
51.166666666666664,0.1280411143368767,0.038656988776802
51.18333333333333,0.12692001101144398,0.0388537379542151
51.2,0.1258177331870431,0.0390667914494136
51.21666666666667,0.12473430434186811,0.0392977058853915
51.233333333333334,0.12366977479441807,0.0395482086754759
51.25,0.12262422433516351,0.0398202193751532
51.266666666666666,0.12159776519992828,0.0401158740396404
51.28333333333333,0.12059054543359973,0.040437553054991
51.3,0.11960275270108742,0.0407879129992724
51.31666666666667,0.11863461861115907,0.0411699231717279
51.333333333333336,0.11768642362946675,0.04158690754939
51.35,0.1167585026696969,0.0420425930665991
51.36666666666667,0.1158512514667458,0.042541165261189
51.38333333333333,0.11496513385312153,0.0430873325267036
51.4,0.11410069008031574,0.0436864004296984
51.416666666666664,0.11325854635136536,0.0443443578151517
51.43333333333333,0.11243942575956459,0.0450679767373217
51.45,0.11164416086226844,0.0458649286209792
51.46666666666667,0.1108737081589523,0.0467439194965944
51.483333333333334,0.11012916479022092,0.0477148476656977
51.5,0.10941178783052663,0.0487889877510182
51.516666666666666,0.10872301661324937,0.0499792057841918
51.53333333333333,0.1080644986044511,0.051300210784073
51.55,0.10743811943204211,0.0527688491827325
51.56666666666667,0.10684603778226924,0.0544044494664525
51.583333333333336,0.10629072599652878,0.0562292254838255
51.6,0.10577501733930644,0.0582687479927835
51.61666666666667,0.10530216106214159,0.0605524950888184
51.63333333333333,0.10487588655691446,0.0631144930323976
51.65,0.10450047806919655,0.0659940594469617
51.666666666666664,0.10418086161903119,0.0692366605344562
51.68333333333333,0.10392270593537854,0.0728948923228875
51.7,0.10373253932416039,0.0770295922582774
51.71666666666667,0.10361788441643954,0.0817110806263077
51.733333333333334,0.10358741262118147,0.087020519946056
51.75,0.10365111974974518,0.0930513629052919
51.766666666666666,0.10382052357110652,0.0999108336989247
51.78333333333333,0.10410888285319146,0.1077213520505038
51.8,0.1045314355559898,0.1166217640376616
51.81666666666667,0.10510565145099365,0.1267681828071958
51.833333333333336,0.10585149002756344,0.1383341857995275
51.85,0.1067916502751458,0.1515100867828289
51.86666666666667,0.10795179589893907,0.1665008899231042
51.88333333333333,0.10936072945646458,0.1835226723814539
51.9,0.11105049041463594,0.2027971405914679
51.916666666666664,0.11305634564062073,0.2245443420487516
51.93333333333333,0.11541664573446,0.2489737783777319
51.95,0.11817252646582803,0.2762745055169166
51.96666666666667,0.12136744791214524,0.306605116389587
51.983333333333334,0.12504658133128138,0.3400846695201299
52.0,0.129256068836714,0.3767856129730459
52.016666666666666,0.1340421975541644,0.4167296081068734
52.03333333333333,0.1394505468287209,0.4598865201217527
52.05,0.145525152751119,0.5061767184978834
52.06666666666667,0.15230774958044477,0.5554760864438612
52.083333333333336,0.15983711980128093,0.60762302975227
52.1,0.16814858133055657,0.6624266176625214
52.11666666666667,0.17727362017437853,0.7196750223366853
52.13333333333333,0.18723966401308784,0.7791435883345481
52.15,0.19806998749549495,0.8406020569481214
52.166666666666664,0.20978372888318902,0.9038206704575986
52.18333333333333,0.2223959974987751,0.9685750533943596
52.2,0.23591805046513126,1.03464989627228
52.21666666666667,0.25035751875758605,1.1018415503513606
52.233333333333334,0.26571866528664323,1.169959680199628
52.25,0.28200265976449584,1.2388281613046634
52.266666666666666,0.29920785986811466,1.3082853626814874
52.28333333333333,0.31733008906509635,1.3781839833394458
52.3,0.3363629050964724,1.4483905638903942
52.31666666666667,0.356297854700156,1.518784781099061
52.333333333333336,0.3771247119885959,1.5892586068498094
52.35,0.3988316989254081,1.6597153981502402
52.36666666666667,0.42140568747583335,1.730068964301487
52.38333333333333,0.4448323835712628,1.8002426456135208
52.4,0.46909649356079935,1.8701684266646308
52.416666666666664,0.49418187407237313,1.9397860988617683
52.43333333333333,0.5200716664210238,2.0090424807750784
52.45,0.5467484167690745,2.0778907003121243
52.46666666666667,0.5741941832590053,2.1462895393307897
52.483333333333334,0.6023906313379221,2.2142028393134017
52.5,0.6313191184013419,2.28159896520672
52.516666666666666,0.6609607688571941,2.3484503234630085
52.53333333333333,0.6912965406689368,2.414732930299121
52.55,0.7223072840514858,2.480426026281229
52.56666666666667,0.7539737935006791,2.5455117315618945
52.583333333333336,0.7862768536117043,2.609974739221259
52.6,0.8191972795147966,2.673802041789157
52.61666666666667,0.8527159524784551,2.736982687723873
52.63333333333333,0.8868138511831487,2.79950756474366
52.65,0.921472079226908,2.8613692065224834
52.666666666666664,0.9566718891827523,2.9225616207124
52.68333333333333,0.9923947036652319,2.9830801353981165
52.7,1.0286221336961805,3.042921262123103
52.71666666666667,1.0653359946613048,3.1020825736168747
52.733333333333334,1.1025183201571478,3.160562594326594
52.75,1.1401513739052596,3.218360702604906
52.766666666666666,1.1782176599892336,3.275477042956058
52.78333333333333,1.2166999315652853,3.331912447378502
52.8,1.255581198215577,3.387668364750971
52.81666666666667,1.2948447321030294,3.442746797283007
52.833333333333336,1.3344740730281524,3.497150243406011
52.85,1.374453032531319,3.5508816462402937
52.86666666666667,1.4147656971203995,3.603944347153455
52.88333333333333,1.4553964307241118,3.6563420438154086
52.9,1.496329876454198,3.708078752256864
52.916666666666664,1.5375509577443363,3.7591587725437656
52.93333333333333,1.5790448789281168,3.809586657712872
52.95,1.6207971253260658,3.859367185537928
52.96666666666667,1.6627934628807826,3.908505332953865
52.983333333333334,1.7050199373930348,3.957006252810019
53.0,1.7474628734102433,4.004875252686673
53.016666666666666,1.7901088727810495,4.052117775703957
53.03333333333333,1.8329448129382904,4.0987393829462055
53.05,1.8759578449222905,4.144745737501795
53.06666666666667,1.9191353911784297,4.190142589891763
53.083333333333336,1.9624651431627742,4.234935764714818
53.1,2.0059350587544866,4.279131148566947
53.11666666666667,2.049533359524908,4.322734678882658
53.13333333333333,2.093248527863491,4.365752333764385
53.15,2.137069303981021,4.408190122711572
53.166666666666664,2.180984682808854,4.45005407808978
53.18333333333333,2.2249839108053573,4.491350247331208
53.2,2.2690564826816253,4.532084685800975
53.21666666666667,2.313192138060409,4.572263450234781
53.233333333333334,2.357380858076409,4.611892592732102
53.25,2.401612861928011,4.65097815524876
53.266666666666666,2.4458786033893802,4.689526164535551
53.28333333333333,2.4901687672901525,4.727542627492957
53.3,2.534474265969795,4.765033526910033
53.31666666666667,2.578786235713273,4.802004817546431
53.333333333333336,2.623096033173555,4.838462422533578
53.35,2.667395231786198,4.874412230068482
53.36666666666667,2.7116756181808506,4.909860090373252
53.38333333333333,2.755929188593857,4.944811812899753
53.4,2.8001481452858457,4.979273163758682
53.416666666666664,2.8443248929678067,5.013249863353591
53.43333333333333,2.888452035238788,5.046747584203228
53.45,2.9325223710380115,5.079771948936173
53.46666666666667,2.976528891089328,5.11232852843604
53.483333333333334,3.0204647744015944,5.144422840143251
53.5,3.0643233848270497,5.1760603465376045
53.516666666666666,3.108098267605264,5.207246453614661
53.53333333333333,3.1517831458354086,5.237986509489764
53.55,3.195371917096889,5.268285803249955
53.56666666666667,3.2388586499774816,5.2981495638232525
53.583333333333336,3.2822375809811692,5.32758295893848
53.6,3.325503110837024,5.3565910939226695
53.61666666666667,3.368649801400206,5.385179010916373
53.63333333333333,3.411672372456935,5.413351688067129
53.65,3.4545656983294224,5.441114038678211
53.666666666666664,3.497324804616251,5.468470910347995
53.68333333333333,3.5399448651505367,5.495427084317738
53.7,3.5824211988739183,5.521987274795787
53.71666666666667,3.6247492667356522,5.548156128304815
53.733333333333334,3.6669246683937278,5.573938222988152
53.75,3.708943139336282,5.599338068048142
53.766666666666666,3.7508005478799418,5.624360103162229
53.78333333333333,3.792492892259715,5.649008697922169
53.8,3.834016297450728,5.673288151222212
53.81666666666667,3.8753670123335713,5.697202690720404
53.833333333333336,3.9165414068666387,5.720756472295699
53.85,3.9575359692679055,5.743953579500536
53.86666666666667,3.998347303112718,5.766798022988099
53.88333333333333,4.038972124420229,5.789293739923428
53.9,4.0794072590173975,5.811444593434354
53.916666666666664,4.119649639850066,5.833254372031139
53.93333333333333,4.159696304254668,5.85472678900053
53.95,4.199544391058515,5.87586548173671
53.96666666666667,4.239191138089057,5.896674011131816
53.983333333333334,4.278633879565082,5.917155860909601
54.0,4.317870043542965,5.9373144369449165
54.016666666666666,4.356897149085719,5.957153066470691
54.03333333333333,4.395712803840782,5.9766749973492646
54.05,4.4343147015399405,5.995883397285615
54.06666666666667,4.472700619552281,6.014781353019195
54.083333333333336,4.510868416161528,6.033371869372186
54.1,4.548816028171655,6.051657868345867
54.11666666666667,4.58654146851074,6.06964218817083
54.13333333333333,4.624042823854131,6.0873275823183
54.15,4.661318252029423,6.104716718357738
54.166666666666664,4.698365979607139,6.121812176810878
54.18333333333333,4.735184299602816,6.138616449999312
54.2,4.771771569137126,6.155131940815422
54.21666666666667,4.80812620697058,6.171360961353855
54.233333333333334,4.844246691050945,6.187305731449856
54.25,4.880131556291808,6.202968377273826
54.266666666666666,4.915779392255263,6.218350929802531
54.28333333333333,4.951188840780537,6.233455323170497
54.3,4.986358593488881,6.248283392819168
54.31666666666667,5.021287389599462,6.2628368737704285
54.333333333333336,5.055974013618775,6.27711739872916
54.35,5.09041729302602,6.291126496087162
54.36666666666667,5.1246160957322004,6.304865587599795
54.38333333333333,5.158569327889474,6.318335986248423
54.4,5.19227593156944,6.331538893893165
54.416666666666664,5.225734882460696,6.344475398837523
54.43333333333333,5.25894518727865,6.357146472940312
54.45,5.2919058815171,6.369552968944278
54.46666666666667,5.3246160270924845,6.381695617578996
54.483333333333334,5.357074710006608,6.393575024566059
54.5,5.389281037695888,6.405191667058802
54.516666666666666,5.421234136667345,6.416545890269812
54.53333333333333,5.452933150080488,6.427637903901167
54.55,5.48437723531871,6.438467778424495
54.56666666666667,5.515565561266141,6.4490354407313415
54.583333333333336,5.546497305754965,6.459340669828001
54.6,5.57717165305183,6.469383092442895
54.61666666666667,5.6075877912728025,6.479162178362484
54.63333333333333,5.6377449095629775,6.4886772351502175
54.65,5.667642195276027,6.497927402609728
54.666666666666664,5.697278831314781,6.506911647370598
54.68333333333333,5.726653993328498,6.515628757027635
54.7,5.755766846733247,6.524077333705768
54.71666666666667,5.784616543554656,6.532255786963474
54.733333333333334,5.813202219546593,6.540162327083064
54.75,5.841522991097427,6.547794957706848
54.766666666666666,5.8695779520111175,6.555151467962818
54.78333333333333,5.897366169936201,6.562229423441126
54.8,5.924886683159675,6.569026157827147
54.81666666666667,5.9521384971394165,6.575538763692933
54.833333333333336,5.979120580944219,6.581764082833422
54.85,6.005831863171319,6.587698694902372
54.86666666666667,6.0322712282957065,6.5933389069722175
54.88333333333333,6.058437512722046,6.598680742093811
54.9,6.084329500766619,6.6037199274607925
54.916666666666664,6.10994591994823,6.608451880287491
54.93333333333333,6.135285436741623,6.612871694818671
54.95,6.160346652034925,6.616974128307873
54.96666666666667,6.185128096494031,6.620753586556672
54.983333333333334,6.209628225118844,6.624204106743881
55.0,6.233845412213993,6.627319341378494
55.016666666666666,6.257777946119515,6.630092541404466
55.03333333333333,6.281424023794866,6.632516538758202
55.05,6.304781744508207,6.6345837259588425
55.06666666666667,6.327849103819556,6.636286036589402
55.083333333333336,6.350623987448316,6.637614925409885
55.1,6.3731041648880735,6.638561347677215
55.11666666666667,6.395287282135908,6.639115735648265
55.13333333333333,6.4171708544383135,6.639267975254407
55.15,6.438752259181688,6.6390073834122845
55.166666666666664,6.460028728380653,6.638322684198732
55.18333333333333,6.480997340278288,6.637201982430239
55.2,6.501655010720878,6.635632736895114
55.21666666666667,6.5219984849189,6.633601735155889
55.233333333333334,6.5420243287090765,6.6310950671043765
55.25,6.561728918895383,6.62809809614524
55.266666666666666,6.581108433120849,6.624595429669015
55.28333333333333,6.600158840446832,6.620570892168191
55.3,6.6188758912514185,6.616007496838801
55.31666666666667,6.637255106281409,6.610887415437019
55.333333333333336,6.655291765004229,6.605191947178912
55.35,6.672980894926895,6.598901491020854
55.36666666666667,6.690317260199629,6.591995516701016
55.38333333333333,6.7072953493013605,6.584452534299402
55.4,6.723909361904215,6.576250063002692
55.416666666666664,6.74015319706205,6.567364604047022
55.43333333333333,6.756020440495026,6.557771612326673
55.45,6.771504351181337,6.547445467478085
55.46666666666667,6.786597846657993,6.536359443632665
55.483333333333334,6.801293490342619,6.524485684727286
55.5,6.815583477941106,6.511795178708189
55.516666666666666,6.82945962219136,6.49825772987258
55.53333333333333,6.842913337769679,6.483841933353029
55.55,6.855935626068557,6.4685151508836185
55.56666666666667,6.8685170674557545,6.452243499230478
55.583333333333336,6.880647793871168,6.434991809643389
55.6,6.892317483265934,6.416723623368222
55.61666666666667,6.903515341900264,6.397401168362458
55.63333333333333,6.914230084344841,6.376985338073189
55.65,6.92444992684216,6.355435686204948
55.666666666666664,6.934162563901031,6.332710404695438
55.68333333333333,6.943355157475541,6.30876632014194
55.7,6.952014316722269,6.283558878270648
55.71666666666667,6.9601260892043175,6.257042142146048
55.733333333333334,6.96767594138948,6.229168790151999
55.75,6.974648744770586,6.199890117248804
55.766666666666666,6.9810287612686475,6.169156035546447
55.78333333333333,6.986799628706349,6.136915082439251
55.8,6.991944347018031,6.103114432880502
55.81666666666667,6.9964452643343975,6.067699915232782
55.833333333333336,7.0002840635063475,6.03061603163855
55.85,7.003441749868813,5.991805984446853
55.86666666666667,7.005898639316969,5.95121170855248
55.88333333333333,7.0076343470255456,5.908773909992922
55.9,7.008627777615408,5.864432108811651
55.916666666666664,7.008857114755506,5.81812469665675
55.93333333333333,7.008299813465059,5.76978899694649
55.95,7.00693259308908,5.719361334978443
55.96666666666667,7.004731431546194,5.6667771182
55.983333333333334,7.001671560972561,5.611970927486901
56.0,6.9977274650512955,5.554876625773725
56.016666666666666,6.992872878601862,5.495427473630847
56.03333333333333,6.98708078896857,5.433556260493083
56.05,6.980323439532586,5.36919544935756
56.06666666666667,6.972572335901476,5.302277346193629
56.083333333333336,6.963798255363935,5.232734290834716
56.1,6.953971258988249,5.160498859394562
56.11666666666667,6.943060707139496,5.085504094843581
56.13333333333333,6.93103527827751,5.007683758915451
56.15,6.9178629939929035,4.926972638232625
56.166666666666664,6.903511247399791,4.843306863598704
56.18333333333333,6.887946836612611,4.7566242696745
56.2,6.871136003817846,4.666864797354929
56.21666666666667,6.853044481255061,4.573970951296765
56.233333333333334,6.8336375478216285,4.477888346393192
56.25,6.812880089750363,4.378566281181045
56.266666666666666,6.790736672195723,4.275958408554398
56.28333333333333,6.767171619316844,4.170023481674331
56.3,6.742149115259053,4.060726290557018
56.31666666666667,6.715633312609864,3.948038662386921
56.333333333333336,6.687588457953873,3.831940691983695
56.35,6.657979029339839,3.712422062818648
56.36666666666667,6.626769920074505,3.589483821366072
56.38333333333333,6.59392663996709,3.46314039431539
56.4,6.559415537005378,3.333421926492026
56.416666666666664,6.523204032645695,3.200376877399547
56.43333333333333,6.485261032892907,3.064076632715626
56.45,6.445557249638101,2.924618561657585
56.46666666666667,6.404065662613661,2.782132183643445
56.483333333333334,6.360762079894626,2.63678636088026
56.5,6.315625832009157,2.4887973028489543
56.516666666666666,6.268640577818901,2.3384397704975544
56.53333333333333,6.2197953067125065,2.186060939097546
56.55,6.169085669966249,2.032098430153393
56.56666666666667,6.116515496985452,1.8771012672097405
56.583333333333336,6.062098760202307,1.7217573245627182
56.6,6.005861981646812,1.5669245154642817
56.61666666666667,5.94784721353307,1.4136649175014426
56.63333333333333,5.888115391074568,1.2632735042425838
56.65,5.82675009722887,1.1172921628836952
56.666666666666664,5.763861211060077,0.9774844917969324
56.68333333333333,5.699587579286313,0.8457460334282547
56.7,5.634097471193336,0.7239315839896245
56.71666666666667,5.567585576230646,0.6136146337302942
56.733333333333334,5.5002659068851,0.5158448591462754
56.75,5.432361403156387,0.4309951048280226
56.766666666666666,5.364092349099582,0.3587554230057435
56.78333333333333,5.295666018085712,0.2982611823417503
56.8,5.22726925491963,0.2482891996514994
56.81666666666667,5.159064475103363,0.2074531193306646
56.833333333333336,5.091188650497917,0.1743566775847178
56.85,5.023754392927946,0.1476938715950496
56.86666666666667,4.9568522852253025,0.1263023873626708
56.88333333333333,4.890553763727004,0.1091832247069849
56.9,4.8249140940216675,0.095499056007465
56.916666666666664,4.759975170137618,0.084560788690264
56.93333333333333,4.695768002545857,0.0758089254364962
56.95,4.63231484835289,0.0687936931123584
56.96666666666667,4.569630989592284,0.0631561618463668
56.983333333333334,4.507726190475863,0.0586113758741786
57.0,4.446605874949054,0.0549339216559519
57.016666666666666,4.386272069191881,0.0519458868201378
57.03333333333333,4.326724150289974,0.0495070142628702
57.05,4.267959437982138,0.0475067580247363
57.06666666666667,4.209973660181792,0.0458579427422284
57.083333333333336,4.1527613185849725,0.0444917379878756
57.1,4.0963159751291,0.0433536986597361
57.11666666666667,4.040630476247202,0.0424006579782552
57.13333333333333,3.985697128502367,0.0415982946412195
57.15,3.931507836028937,0.0409192332497923
57.166666666666664,3.878054208277605,0.0403415609256748
57.18333333333333,3.8253276445270408,0.0398476697113967
57.2,3.7733194002332366,0.0394233531218141
57.21666666666667,3.7220206392436643,0.039057099659516
57.233333333333334,3.6714224749015787,0.0387395401686909
57.25,3.6215160024713975,0.0384630143982448
57.266666666666666,3.5722923247487075,0.038221230268633
57.28333333333333,3.5237425722895948,0.0380089955320072
57.3,3.475857919413623,0.0378220055728461
57.31666666666667,3.4286295968486358,0.0376566752305465
57.333333333333336,3.3820489017133024,0.0375100050105332
57.35,3.3361072053826817,0.0373794742204727
57.36666666666667,3.29079595965589,0.0372629553669962
57.38333333333333,3.24610670156804,0.0371586452427412
57.4,3.2020310571034227,0.0370650093195789
57.416666666666664,3.1585607440440273,0.0369807364326734
57.43333333333333,3.115687574077966,0.0369047021876529
57.45,3.073403454342837,0.0368359388021927
57.46666666666667,3.031700388489354,0.0367736104307562
57.483333333333334,2.9905704773813775,0.0367169925816507
57.5,2.950005919431445,0.0366654555909271
57.516666666666666,2.9099990107219975,0.036618450345064
57.53333333333333,2.8705421448942503,0.0365754965717114
57.55,2.831627812856729,0.0365361731361054
57.56666666666667,2.7932486023579455,0.0365001097081758
57.583333333333336,2.7553971974345437,0.0364669798153813
57.6,2.718066377760397,0.0364364949693261
57.61666666666667,2.681249017917294,0.0364083996255567
57.63333333333333,2.644938086597037,0.0363824669216594
57.65,2.609126645749397,0.0363584950282948
57.666666666666664,2.573807849686341,0.0363363040073315
57.68333333333333,2.538974944149867,0.0363157331213276
57.7,2.5046212653513784,0.036296638509296
57.71666666666667,2.470740238988611,0.0362788911741544
57.733333333333334,2.4373253792449088,0.0362623752416667
57.75,2.404370287775425,0.0362469864454963
57.766666666666666,2.371868652669796,0.0362326308003164
57.78333333333333,2.3398142474389507,0.0362192234471973
57.8,2.3082009300124975,0.0362066877244647
57.81666666666667,2.277022641652609,0.0361949541549827
57.833333333333336,2.246273405936369,0.0361839597086702
57.85,2.215947327723483,0.0361736471595061
57.86666666666667,2.186038592089684,0.0361639644641307
57.88333333333333,2.1565414634595044,0.0361548642840082
57.9,2.1274502843768195,0.0361463033679235
57.916666666666664,2.0987594745955125,0.0361382422413581
57.93333333333333,2.0704635300789356,0.0361306448360981
57.95,2.0425570220267946,0.0361234781545489
57.96666666666667,2.01503459583332,0.0361167119360088
57.983333333333334,1.98789097010771,0.0361103184144931
58.0,1.9611209357393289,0.0361042720948781
58.016666666666666,1.9347193549460922,0.0360985495396007
58.03333333333333,1.9086811603230716,0.0360931291742462
58.05,1.883001353843033,0.0360879911110863
58.06666666666667,1.8576750059783806,0.0360831170092329
58.083333333333336,1.832697254786569,0.0360784899364362
58.1,1.8080633050203063,0.0360740942466225
58.11666666666667,1.783768427166887,0.0360699154609498
58.13333333333333,1.759807956586669,0.0360659401723324
58.15,1.736177292654417,0.0360621559561603
58.166666666666664,1.7128718979046735,0.0360585512885112
58.18333333333333,1.689887297159657,0.0360551154696829
58.2,1.667219076648212,0.0360518385542491
58.21666666666667,1.6448628832141672,0.0360487112935087
58.233333333333334,1.6228144234944852,0.0360457250794025
58.25,1.601069463121895,0.0360428718942806
58.266666666666666,1.5796238258610564,0.0360401442609741
58.28333333333333,1.55847339284952,0.036037535203123
58.3,1.5376141018199248,0.0360350382069433
58.31666666666667,1.5170419463678633,0.0360326471874367
58.333333333333336,1.496752975123273,0.0360303564525337
58.35,1.4767432910028346,0.0360281606749565
58.36666666666667,1.4570090505007396,0.036026054866631
58.38333333333333,1.4375464629687016,0.0360240343539414
58.4,1.4183517898695397,0.0360220947537815
58.416666666666664,1.3994213440326482,0.0360202319521795
58.43333333333333,1.3807514889934955,0.0360184420865343
58.45,1.3623386383071667,0.0360167215279613
58.46666666666667,1.344179254857901,0.0360150668646924
58.483333333333334,1.326269850134313,0.036013474886111
58.5,1.3086069836080703,0.0360119425700989
58.516666666666666,1.2911872620820861,0.0360104670702952
58.53333333333333,1.274007339048995,0.03600904570433
58.55,1.2570639139929816,0.0360076759419508
58.56666666666667,1.2403537318000928,0.0360063553957985
58.583333333333336,1.223873582142227,0.036005081812139
58.6,1.2076202988770124,0.0360038530623519
58.61666666666667,1.1915907593834376,0.0360026671341306
58.63333333333333,1.175781883996283,0.0360015221245911
58.65,1.160190635426701,0.0360004162334871
58.666666666666664,1.144814018196951,0.0359993477569407
58.68333333333333,1.1296490780157806,0.0359983150809364
58.7,1.1146929012302338,0.0359973166760537
58.71666666666667,1.0999426142834945,0.0359963510924766
58.733333333333334,1.0853953831780379,0.0359954169552894
58.75,1.0710484128965978,0.0359945129596909
58.766666666666666,1.056898946864781,0.0359936378668742
58.78333333333333,1.0429442664463977,0.0359927905003434
58.8,1.0291816904313191,0.0359919697423347
58.81666666666667,1.0156085745023866,0.0359911745302897
58.833333333333336,1.0022223107078116,0.0359904038535986
58.85,0.9890203269909827,0.0359896567508552
58.86666666666667,0.9760000867029135,0.0359889323071164
58.88333333333333,0.9631590881097154,0.0359882296512744
58.9,0.9504948638793953,0.0359875479534883
58.916666666666664,0.9380049806405552,0.035986886423105
58.93333333333333,0.9256870385197467,0.0359862443065545
58.95,0.9135386706843998,0.0359856208853702
58.96666666666667,0.9015575428485293,0.0359850154741708
58.983333333333334,0.8897413528548501,0.0359844274190621
59.0,0.8780878302375539,0.0359838560960177
59.016666666666666,0.866594735795683,0.0359833009093731
59.03333333333333,0.8552598611218342,0.0359827612902515
59.05,0.8440810282028434,0.0359822366953174
59.06666666666667,0.8330560890082006,0.035981726605535
59.083333333333336,0.8221829250893131,0.035981230525013
59.1,0.8114594471350015,0.0359807479797911
59.11666666666667,0.8008835945860806,0.035980278516859
59.13333333333333,0.7904533352498319,0.0359798217032127
59.15,0.78016666492045,0.0359793771249665
59.166666666666664,0.7700216069651967,0.0359789443864362
59.18333333333333,0.7600162119484867,0.0359785231093672
59.2,0.7501485572724343,0.0359781129322306
59.21666666666667,0.7404167468151809,0.0359777135095489
59.233333333333334,0.7308189105494696,0.0359773245112271
59.25,0.7213532041736166,0.0359769456219573
59.266666666666666,0.7120178087770725,0.0359765765407163
59.28333333333333,0.7028109304959133,0.0359762169802764
59.3,0.693730800160851,0.0359758666667436
59.31666666666667,0.6847756729373226,0.0359755253391344
59.333333333333336,0.6759438280126391,0.0359751927490493
59.35,0.6672335682688807,0.03597486866036
59.36666666666667,0.6586432199563572,0.0359745528489336
59.38333333333333,0.6501711323461378,0.0359742451023926
59.4,0.641815677434992,0.0359739452199605
59.416666666666664,0.6335752496358669,0.035973653012332
59.43333333333333,0.6254482654736476,0.0359733683015879
59.45,0.6174331632523741,0.0359730909211638
59.46666666666667,0.6095284027749986,0.0359728207158897
59.483333333333334,0.6017324650512608,0.0359725575420726
59.5,0.5940438520128891,0.0359723012676318
59.516666666666666,0.5864610861978612,0.0359720517723258
59.53333333333333,0.5789827104817856,0.0359718089480392
59.55,0.5716072878034232,0.035971572699136
59.56666666666667,0.5643334008966263,0.0359713429428775
59.583333333333336,0.5571596519929228,0.0359711196099913
59.6,0.5500846625627356,0.0359709026453008
59.61666666666667,0.5431070730579963,0.0359706920084457
59.63333333333333,0.5362255426587422,0.0359704876746925
59.65,0.5294387489952526,0.0359702896359669
59.666666666666664,0.5227453878969442,0.0359700979019868
59.68333333333333,0.5161441731521886,0.0359699125014912
59.7,0.5096338362669318,0.0359697334836182
59.71666666666667,0.5032131262067023,0.0359695609195812
59.733333333333334,0.4968808091538662,0.0359693949045274
59.75,0.49063566828247274,0.0359692355594866
59.766666666666666,0.48447650353237215,0.0359690830335092
59.78333333333333,0.47840213136061605,0.0359689375063171
59.8,0.4724113845129659,0.0359687991911441
59.81666666666667,0.4665031118138379,0.0359686683376483
59.833333333333336,0.4606761779530602,0.0359685452350968
59.85,0.45492946324431477,0.0359684302163861
59.86666666666667,0.44926186341731467,0.0359683236620416
59.88333333333333,0.4436722894165532,0.0359682260044104
59.9,0.43815966719920213,0.035968137732168
59.916666666666664,0.43272293750284757,0.0359680593960309
59.93333333333333,0.42736105565736004,0.035967991613986
59.95,0.42207299140289395,0.0359679350766069
59.96666666666667,0.41685772865184195,0.0359678905543476
59.983333333333334,0.41171426533441424,0.0359678589028407
60.0,0.40664161318624853,0.0359678410703396
60.016666666666666,0.4016387975657786,0.035967838104437
60.03333333333333,0.3967048572680943,0.035967851159163
60.05,0.3918388443419304,0.0359678815020975
60.06666666666667,0.38703982391561087,0.0359679305212888
60.083333333333336,0.3823068739971853,0.0359679997326955
60.1,0.3776390853239867,0.0359680907854906
60.11666666666667,0.37303556117798053,0.0359682054688295
60.13333333333333,0.36849541721754125,0.0359683457169367
60.15,0.36401778130929874,0.0359685136136486
60.166666666666664,0.359601793362569,0.0359687113958286
60.18333333333333,0.3552466051661163,0.035968941455831
60.2,0.35095138022719047,0.035969206342792
60.21666666666667,0.34671529361279435,0.0359695087626547
60.233333333333334,0.34253753179017377,0.0359698515769103
60.25,0.33841729247949054,0.035970237799783
60.266666666666666,0.33435378450458586,0.0359706705986478
60.28333333333333,0.33034622761845134,0.0359711532858136
60.3,0.32639385238346325,0.0359716893139132
60.31666666666667,0.3224959000097406,0.0359722822757749
60.333333333333336,0.3186516222142649,0.0359729358965769
60.35,0.3148602810793443,0.0359736540325014
60.36666666666667,0.3111211489118228,0.0359744406678283
60.38333333333333,0.30743350810596143,0.0359752999139926
60.4,0.3037966509976097,0.0359762360106344
60.416666666666664,0.30020987974366276,0.0359772533283314
60.43333333333333,0.2966725061786192,0.0359783563750122
60.45,0.2931838516880019,0.0359795498026501
60.46666666666667,0.2897432470780342,0.0359808384181311
60.483333333333334,0.28635003244791984,0.0359822271965592
60.5,0.28300355706530966,0.0359837212963261
60.516666666666666,0.2797031792506753,0.035985326075976
60.53333333333333,0.2764482662400222,0.0359870471163435
60.55,0.2732381940797842,0.0359888902436044
60.56666666666667,0.2700723475046035,0.0359908615523193
60.583333333333336,0.2669501198236983,0.0359929674334529
60.6,0.26387091280511166,0.0359952146035311
60.61666666666667,0.26083413656788496,0.0359976101356084
60.63333333333333,0.2578392094730818,0.0360001614910312
60.65,0.2548855580160896,0.0360028765546292
60.666666666666664,0.25197261672221305,0.036005763671538
60.68333333333333,0.24909982804403757,0.0360088316853541
60.7,0.24626664226093675,0.0360120899792752
60.71666666666667,0.24347251738057826,0.0360155485185747
60.733333333333334,0.24071691904254813,0.0360192178957718
60.75,0.23799932042404617,0.0360231093788052
60.766666666666666,0.23531920214772076,0.036027234961447
60.78333333333333,0.23267605219162352,0.0360316074171029
60.8,0.23006936580132037,0.0360362403560415
60.81666666666667,0.22749864540419645,0.0360411482861363
60.833333333333336,0.22496340052597627,0.0360463466778476
60.85,0.22246314770950684,0.0360518520336489
60.86666666666667,0.2199974104358473,0.0360576819622898
60.88333333333333,0.21756571904771485,0.036063855258534
60.9,0.21516761067536558,0.0360703919887551
60.916666666666664,0.21280262916495338,0.0360773135829263
60.93333333333333,0.2104703250094605,0.0360846429337502
60.95,0.20817025528228095,0.0360924045034546
60.96666666666667,0.2059019835735604,0.0361006244390345
60.983333333333334,0.20366507992939972,0.0361093306967249
61.0,0.201459120794019,0.0361185531764974
61.016666666666666,0.19928368895505608,0.0361283238676528
61.03333333333333,0.19713837349211757,0.0361386770063913
61.05,0.19502276972876265,0.0361496492465934
61.06666666666667,0.19293647918807527,0.0361612798449184
61.083333333333336,0.1908791095520552,0.0361736108617993
61.1,0.18885027462504644,0.0361866873796587
61.11666666666667,0.1868495943014192,0.0362005577399298
61.13333333333333,0.18487669453779867,0.0362152738009498
61.15,0.18293120733012916,0.0362308912185312
61.166666666666664,0.18101277069590815,0.0362474697515025
61.18333333333333,0.1791210286619443,0.0362650735946874
61.2,0.17725563125804253,0.0362837717420115
61.21666666666667,0.17541623451706218,0.0363036383828107
61.233333333333334,0.17360250048183268,0.0363247533346399
61.25,0.17181409721946964,0.0363472025163369
61.266666666666666,0.17005069884368723,0.0363710784654948
61.28333333333333,0.1683119855457762,0.0363964809049325
61.3,0.16659764363497004,0.0364235173633095
61.31666666666667,0.16490736558902439,0.0364523038556698
61.333333333333336,0.1632408501159079,0.0364829656302575
61.35,0.16159780222760783,0.0365156379888111
61.36666666666667,0.15997793332716703,0.0365504671883641
61.38333333333333,0.1583809613101937,0.0365876114335191
61.4,0.15680661068221807,0.0366272419692655
61.416666666666664,0.15525461269344393,0.0366695442857471
61.43333333333333,0.15372470549260706,0.0367147194476158
61.45,0.15221663430185883,0.0367629855623632
61.46666666666667,0.15073015161481687,0.0368145794037991
61.483333333333334,0.14926501742018597,0.0368697582088935
61.5,0.14782099945362367,0.036928801668562
61.516666666666666,0.14639787348087577,0.0369920141358168
61.53333333333333,0.1449954236155565,0.0370597270775823
61.55,0.14361344267537848,0.0371323018002028
61.56666666666667,0.14225173258110668,0.0372101324826941
61.583333333333336,0.1409101048030648,0.0372936495564325
61.6,0.13958838086062686,0.0373833234754069
61.61666666666667,0.13828639288084404,0.0374796689273749
61.63333333333333,0.13700398422315793,0.0375832495433858
61.65,0.13574101017807508,0.0376946831714652
61.666666666666664,0.13449733874874148,0.037814647789832
61.68333333333333,0.13327285152555082,0.0379438881460978
61.7,0.13206744466535889,0.0380832232220182
61.71666666666667,0.130881029988434,0.0382335546379895
61.733333333333334,0.12971353620816664,0.0383958761294825
61.75,0.12856491031068845,0.0385712842477338
61.766666666666666,0.12743511910405375,0.0387609904609865
61.78333333333333,0.1263241509593913,0.038966334860107
61.8,0.12523201777007928,0.0391888017071928
61.81666666666667,0.1241587571584584,0.039430037100155
61.833333333333336,0.12310443496444287,0.0396918690763684
61.85,0.12206914805550047,0.0399763305288364
61.86666666666667,0.12105302750382582,0.0402856853719946
61.88333333333333,0.12005624218298601,0.0406224584658412
61.9,0.11907900284652324,0.0409894699073997
61.916666666666664,0.11812156675864063,0.0413898743776348
61.93333333333333,0.11718424296048989,0.0418272063830737
61.95,0.11626739826841304,0.042305432360999
61.96666666666667,0.1153714641171721,0.0428290107914528
61.983333333333334,0.11449694437998864,0.0434029616730097
62.0,0.1136444243196325,0.0440329469535842
62.016666666666666,0.11281458085191806,0.044725363805437
62.03333333333333,0.11200819433394686,0.0454874529700913
62.05,0.11122616212698577,0.0463274248057447
62.06666666666667,0.11046951422764996,0.0472546061467276
62.083333333333336,0.10973943131328535,0.048279611642913
62.1,0.10903726560822465,0.0494145438943494
62.11666666666667,0.10836456505009343,0.0506732274552292
62.13333333333333,0.10772310131928248,0.0520714826311257
62.15,0.10711490239309918,0.0536274459594673
62.166666666666664,0.10654229039961952,0.0553619453176664
62.18333333333333,0.10600792567662395,0.0572989387154891
62.2,0.10551485808699784,0.0594660269296452
62.21666666666667,0.10506658680491385,0.0618950511334236
62.233333333333334,0.10466712996095794,0.0646227873544125
62.25,0.10432110571300941,0.0676917496827564
62.266666666666666,0.10403382647944838,0.0711511132027405
62.28333333333333,0.10381140821003282,0.075057764985719
62.3,0.10366089664292479,0.0794774862497653
62.31666666666667,0.10359041245201467,0.0844862597276981
62.333333333333336,0.10360931695249923,0.0901716818184301
62.35,0.10372839950279907,0.0966344373818061
62.36666666666667,0.10396008678530039,0.1039897641968106
62.38333333333333,0.10431867261216468,0.11236879274393
62.4,0.10482056453135323,0.1219196019556386
62.416666666666664,0.10548454137336705,0.1328077272407255
62.43333333333333,0.10633200741752583,0.1452159291026335
62.45,0.10738723270526852,0.1593427747771416
62.46666666666667,0.10867755357607112,0.1753997957837625
62.483333333333334,0.11023350968008133,0.1936069002554858
62.5,0.11208888743869534,0.2141859166048896
62.516666666666666,0.1142806412424154,0.2373523969214437
62.53333333333333,0.11684866866800843,0.2633060966384078
62.55,0.11983542463401663,0.2922208815637853
62.56666666666667,0.12328537603067563,0.3242350766006817
62.583333333333336,0.12724431509934098,0.359443357648386
62.6,0.13175856783587922,0.3978911416145749
62.61666666666667,0.136874146133961,0.4395721134611879
62.63333333333333,0.142635898533331,0.4844290130625076
62.65,0.14908670970578614,0.5323574867167669
62.666666666666664,0.15626679690195647,0.583212273024827
62.68333333333333,0.16421313172473753,0.6368149343094346
62.7,0.1729590053242004,0.6929622496194001
62.71666666666667,0.18253373773848053,0.7514345256261554
62.733333333333334,0.1929625247065661,0.812003259766722
62.75,0.2042664052842792,0.8744377818867543
62.766666666666666,0.21646233010435,0.9385107038165408
62.78333333333333,0.22956330873677766,1.0040021465027833
62.8,0.2435786152947899,1.0707028207719709
62.81666666666667,0.25851403382622007,1.138416092362411
62.833333333333336,0.27437212684691703,1.2069592105506917
62.85,0.2911525150881373,1.2761638503069912
62.86666666666667,0.3088521576316231,1.3458761404396435
62.88333333333333,0.3274656253856898,1.4159563100422832
62.9,0.34698536262536783,1.486278070608983
62.916666666666664,0.36740193311587194,1.5567278294261535
62.93333333333333,0.38870424898733336,1.6272038041783214
62.95,0.4108797813473369,1.6976150957033185
62.96666666666667,0.43391475258859125,1.7678807579616709
62.983333333333334,0.4577943108172261,1.8379288930839848
63.0,0.4825026872402857,1.9076957897187996
63.016666666666666,0.508023337563286,1.9771251160400407
63.03333333333333,0.5343390685684721,2.0461671730749047
63.05,0.5614321511120477,2.1147782105837583
63.06666666666667,0.5892844207517535,2.182919804840403
63.083333333333336,0.6178773671866427,2.250558296040723
63.1,0.6471922135851389,2.3176642818893525
63.11666666666667,0.6772099869978632,2.3842121630830606
63.13333333333333,0.7079115805134819,2.450179737212439
63.15,0.7392778082993696,2.515547835620711
63.166666666666664,0.7712894541732719,2.580299999831837
63.18333333333333,0.8039273144822513,2.644422192966142
63.2,0.83717223581997,2.7079025431183354
63.21666666666667,0.8710051482770492,2.7707311144224778
63.233333333333334,0.9054070946066989,2.832899703462348
63.25,0.9403592558273209,2.894401657743267
63.266666666666666,0.9758429736392851,2.9552317138361537
63.28333333333333,1.011839769975363,3.015385853143609
63.3,1.0483313640587155,3.0748611729172857
63.31666666666667,1.08529968717669,3.1336557711726294
63.333333333333336,1.1227268954657412,3.1917686436349726
63.35,1.1605953809027743,3.249199591468331
63.36666666666667,1.1988877806877036,3.3059491386212256
63.38333333333333,1.2375869852177284,3.3620184575374386
63.4,1.2766761447678112,3.417409302513304
63.416666666666664,1.316138675044678,3.472123949675568
63.43333333333333,1.3559582617166377,3.5261651429537983
63.45,1.396118864027967,3.579536045389266
63.46666666666667,1.436604717606155,3.632240195136427
63.483333333333334,1.4774003365272463,3.6842814657652654
63.5,1.5184905147367158,3.735664030298437
63.516666666666666,1.5598603268808953,3.78639232867642
63.53333333333333,1.6014951286088186,3.836471038282338
63.55,1.6433805564123443,3.885905047156609
63.56666666666667,1.6855025270416861,3.934699429706708
63.583333333333336,1.7278472365500464,3.982859424586129
63.6,1.7704011589939705,4.0303904146419045
63.61666666666667,1.8131510448405395,4.077297908589415
63.63333333333333,1.8560839191065053,4.123587524328496
63.65,1.89918707925706,4.169264973752685
63.666666666666664,1.9424480928950507,4.2143360488531085
63.68333333333333,1.9858547952637522,4.258806609044265
63.7,2.0293952865756424,4.302682569620146
63.71666666666667,2.0730579292045763,4.345969891116813
63.733333333333334,2.1168313447429066,4.388674569644661
63.75,2.160704410946842,4.430802628027867
63.766666666666666,2.2046662585842838,4.472360107670275
63.78333333333333,2.248706268196364,4.51335306112366
63.8,2.292814066785598,4.553787545270589
63.81666666666667,2.3369795244422535,4.593669615063736
63.833333333333336,2.38119275091728,4.633005317795537
63.85,2.4254440921516838,4.671800687836485
63.86666666666667,2.469724126770326,4.7100617418009785
63.88333333333333,2.5140236625470878,4.74779447411346
63.9,2.5583337328484324,4.785004852936607
63.916666666666664,2.6026455930613155,4.821698816427827
63.93333333333333,2.646950717010802,4.8578822693014665
63.95,2.6912407933724305,4.893561079668757
63.96666666666667,2.7355077220838053,4.928741076131701
63.983333333333334,2.779743610759433,4.963428045111152
64.0,2.82394077111247,4.997627728388493
64.01666666666667,2.8680917153866874,5.031345820843032
64.03333333333333,2.912189152801598,5.064587968369047
64.05,2.9562259860112543,5.097359765956503
64.06666666666666,3.000195307541818,5.129666755911932
64.08333333333333,3.0440903963082158,5.161514426237377
64.1,3.0879047143648712,5.192908209240592
64.11666666666666,3.1316319031243234,5.223853479886281
64.13333333333334,3.175265780041386,5.254355554636286
64.15,3.218800335198459,5.284419690329703
64.16666666666667,3.2622297279007375,5.314051083041732
64.18333333333334,3.3055482835741246,5.343254867059493
64.2,3.3487504902401284,5.372036113813973
64.21666666666667,3.391830995111422,5.400399831065075
64.23333333333333,3.4347846014826002,5.42835096212626
64.25,3.477606265534128,5.455894385021949
64.26666666666667,3.520291093221905,5.48303491173877
64.28333333333333,3.562834336894769,5.509777287501072
64.3,3.60523139222323,5.536126190129052
64.31666666666666,3.6474777951897788,5.5620862293973286
64.33333333333333,3.6895692190631646,5.58766194642205
64.35,3.7315014713151298,5.61285781305773
64.36666666666666,3.773270490472074,5.637678231293687
64.38333333333334,3.814872343307975,5.662127532711264
64.4,3.8563032219170794,5.686209977924592
64.41666666666667,3.897559440863616,5.7099297560362645
64.43333333333334,3.9386374340771306,5.733290984039751
64.45,3.9795337521437677,5.756297706286125
64.46666666666667,4.020245059524756,5.7789538939277705
64.48333333333333,4.06076813181794,5.801263444358649
64.5,4.1010998529087175,5.823230180614427
64.51666666666667,4.141237212155874,5.844857850749095
64.53333333333333,4.18117730183783,5.866150127253441
64.55,4.220917314524824,5.887110606434487
64.56666666666666,4.26045454034336,5.907742807739619
64.58333333333333,4.299786364239347,5.928050173033138
64.6,4.338910263535898,5.948036065920261
64.61666666666666,4.377823805389283,5.967703771013204
64.63333333333334,4.41652464421861,5.987056493150764
64.65,4.4550105189925056,6.006097356516877
64.66666666666667,4.493279250887844,6.024829403828458
64.68333333333334,4.531328740824299,6.043255595444136
64.7,4.569156967024964,6.061378808433814
64.71666666666667,4.606761982344027,6.079201835490428
64.73333333333333,4.6441419119864165,6.096727383931324
64.75,4.681294951116597,6.113958074604756
64.76666666666667,4.718219362513448,6.130896440759985
64.78333333333333,4.754913473951047,6.147544926705858
64.8,4.791375675940832,6.163905886562587
64.81666666666666,4.8276044194050955,6.179981582918989
64.83333333333333,4.863598213388627,6.195774185444552
64.85,4.899355622503208,6.211285769248708
64.86666666666666,4.934875264648172,6.2265183133042346
64.88333333333334,4.970155808738942,6.24147369880351
64.9,5.005195972432238,6.256153707435251
64.91666666666667,5.039994519644906,6.27056001940301
64.93333333333334,5.074550258204011,6.284694211414929
64.95,5.108862037614577,6.298557754677673
64.96666666666667,5.142928746764802,6.3121520127481165
64.98333333333333,5.176749311503213,6.325478239151446
65.0,5.2103226921857315,6.338537574815838
65.01666666666667,5.243647881451052,6.35133104561906
65.03333333333333,5.276723901879842,6.363859559712435
65.05,5.3095498035892845,6.376123904644293
65.06666666666666,5.342124661660523,6.388124744108995
65.08333333333333,5.374447573872849,6.399862614922983
65.1,5.406517658288995,6.411337923696234
65.11666666666666,5.438334050816398,6.422550943329936
65.13333333333334,5.469895902496296,6.433501808928876
65.15,5.50120237713738,6.44419051403519
65.16666666666667,5.5322526487919506,6.454616906491635
65.18333333333334,5.563045899228201,6.464780684143202
65.2,5.5935813150508045,6.474681389726777
65.21666666666667,5.623858085165125,6.48431840613475
65.23333333333333,5.653875398099437,6.493690951273989
65.25,5.683632439320113,6.502798072741832
65.26666666666667,5.713128388149414,6.511638641485392
65.28333333333333,5.74236241497057,6.520211345780625
65.3,5.771333678344241,6.528514684855566
65.31666666666666,5.800041322082174,6.5365469622394645
65.33333333333333,5.828484471915244,6.54430627795208
65.35,5.8566622323339645,6.55179052079946
65.36666666666666,5.884573683430824,6.558997360482065
65.38333333333334,5.912217877629885,6.565924239238233
65.4,5.939593836051816,6.5725683623193545
65.41666666666667,5.966700544851942,6.578926688088249
65.43333333333334,5.993536951707672,6.584995918304841
65.45,6.02010196208886,6.590772487640485
65.46666666666667,6.046394435225403,6.596252552117575
65.48333333333333,6.072413179813546,6.601431976513146
65.5,6.098156950024099,6.606306322426005
65.51666666666667,6.123624441196213,6.610870835263075
65.53333333333333,6.148814285277491,6.6151204302710935
65.55,6.173725045753916,6.619049676769221
65.56666666666666,6.198355213035726,6.622652783612316
65.58333333333333,6.22270319943055,6.625923583262531
65.6,6.24676733392111,6.628855515114688
65.61666666666666,6.270545856150824,6.631441606147488
65.63333333333334,6.294036911021989,6.633674453455098
65.65,6.317238542808555,6.635546205187689
65.66666666666667,6.340148689085362,6.637048540865657
65.68333333333334,6.362765173635976,6.638172648376872
65.7,6.385085700068453,6.6389092033367225
65.71666666666667,6.407107844923125,6.639248346877577
65.73333333333333,6.428829050597057,6.639179662951129
65.75,6.450246617010453,6.638692151788406
65.76666666666667,6.471357694072461,6.637774206182257
65.78333333333333,6.492159273641384,6.636413586388584
65.8,6.512648181296539,6.634597394703238
65.81666666666666,6.532821066677658,6.632312046020719
65.83333333333333,6.552674394604555,6.629543241297634
65.85,6.572204435826626,6.626275940334965
65.86666666666666,6.591407257548603,6.6224943343212885
65.88333333333334,6.610278712281191,6.618181814161919
65.9,6.6288144276281376,6.613320942303452
65.91666666666667,6.647009795711073,6.607893424160426
65.93333333333334,6.664859962494713,6.601880079842344
65.95,6.682359815048056,6.5952608112693
65.96666666666667,6.699503970022528,6.588014573675119
65.98333333333333,6.716286761865894,6.580119347145923
66.0,6.732702230786093,6.571552108281389
66.01666666666667,6.748744108630806,6.562288798070786
66.03333333333333,6.764405806168993,6.552304294451438
66.05,6.779680400185822,6.541572385262512
66.06666666666666,6.794560620282257,6.530065741447758
66.08333333333333,6.809038833290044,6.51775588690936
66.1,6.823107029794177,6.504613174132003
66.11666666666666,6.836756810214098,6.4906067598423896
66.13333333333334,6.8499793696320355,6.47570457968833
66.15,6.862765483490774,6.4598733258561145
66.16666666666667,6.875105491799879,6.443078424654876
66.18333333333334,6.886989286984435,6.425284019086832
66.2,6.898406291410178,6.406452940831036
66.21666666666667,6.909345450428441,6.38654670390759
66.23333333333333,6.919795212792367,6.365525482268267
66.25,6.929743512620596,6.343348095177766
66.26666666666667,6.939177763822431,6.31997200394867
66.28333333333333,6.948084829849463,6.295353290967432
66.3,6.956451020115626,6.269446657925334
66.31666666666666,6.964262070902977,6.242205422344959
66.33333333333333,6.971503130205313,6.213581517658043
66.35,6.978158743253436,6.18352549398834
66.36666666666666,6.984212837905917,6.151986521572324
66.38333333333334,6.989648710178596,6.11891240225961
66.4,6.99444901040438,6.084249584061517
66.41666666666667,6.998595730024967,6.047943178627607
66.43333333333334,7.002070188747451,6.009936984645883
66.45,7.0048530224168575,5.970173516781059
66.46666666666667,7.006924170904382,5.928594042767853
66.48333333333333,7.008262867760855,5.885138624591734
66.5,7.008847630394237,5.8397461686632655
66.51666666666667,7.008656251257133,5.792354483118517
66.53333333333333,7.0076657902893045,5.742900342152929
66.55,7.005852568075431,5.691319565939849
66.56666666666666,7.0031921612401185,5.6375471069039405
66.58333333333333,6.999659399168826,5.581517147345858
66.6,6.995228362420982,5.523163208755106
66.61666666666666,6.989872382919239,5.462418276099616
66.63333333333334,6.983564046702474,5.39921494565542
66.65,6.976275199114991,5.333485578273232
66.66666666666667,6.967976952477514,5.265162475124941
66.68333333333334,6.9586396964519555,5.194178070399333
66.7,6.948233112175518,5.120465156074991
66.71666666666667,6.936726190569108,5.043957135036722
66.73333333333333,6.9240872537229405,4.964588288940588
66.75,6.910283980969532,4.882294084171935
66.76666666666667,6.895283439172679,4.797011506998243
66.78333333333333,6.879052121771153,4.708679473845928
66.8,6.86155599143745,4.6172392581778565
66.81666666666666,6.8427605299176575,4.522634977576886
66.83333333333333,6.822630795152964,4.42481414019354
66.85,6.801131488637151,4.323728279043345
66.86666666666666,6.778227036432051,4.219333706670284
66.88333333333334,6.75388167634486,4.111592325673381
66.9,6.7280595639725895,4.000472607020804
66.91666666666667,6.7007248748922015,3.885950560446756
66.93333333333334,6.671841965118102,3.7680112990502392
66.95,6.641375521534344,3.646650477136368
66.96666666666667,6.609290740223528,3.521876056043235
66.98333333333333,6.575553535795824,3.3937104307123875
67.0,6.540130815304133,3.2621933608088054
67.01666666666667,6.5029907477276945,3.127385135744431
67.03333333333333,6.464103163162556,2.9893705672928443
67.05,6.423439935716872,2.8482635442669046
67.06666666666666,6.380975477875442,2.704213662788356
67.08333333333333,6.336687412276852,2.5574142900661547
67.1,6.290557285233882,2.408111513223554
67.11666666666666,6.2425714889627235,2.256617208726441
67.13333333333334,6.192722413936399,2.10332478136792
67.15,6.141009899103102,1.9487287189629316
67.16666666666667,6.087442975701052,1.793449347960056
67.18333333333334,6.03204202767042,1.6382617400390511
67.2,5.9748415497286365,1.4841298260970646
67.21666666666667,5.91589331094957,1.3322379219079246
67.23333333333333,5.855269964511601,1.1840141722036732
67.25,5.793068837239614,1.0411263824298398
67.26666666666667,5.729415184869804,0.9054256510217046
67.28333333333333,5.664463831406381,0.7788121628217441
67.3,5.598397908768343,0.6630213465191165
67.31666666666666,5.531423637698101,0.5593711825714028
67.33333333333333,5.463761265514091,0.4685570361925064
67.35,5.395633715112643,0.3905751758365948
67.36666666666666,5.327255389609428,0.3247949354879749
67.38333333333334,5.258823264317022,0.270132949558461
67.4,5.190511319243951,0.2252560217459376
67.41666666666667,5.122468241057372,0.1887568067168615
67.43333333333334,5.05481765164183,0.1592784549444364
67.45,4.987659963216844,0.1355881675436948
67.46666666666667,4.921075077676658,0.1166107180901665
67.48333333333333,4.855125360598926,0.1014353243083335
67.5,4.7898585479831555,0.0893065876877994
67.51666666666667,4.725310386886208,0.0796076605755177
67.53333333333333,4.661506932955286,0.0718405647247928
67.55,4.598466487782955,0.0656066768655796
67.56666666666666,4.536201200250523,0.0605888397061438
67.58333333333333,4.474718367177843,0.0565357974358734
67.6,4.4140214791153305,0.0532490628083175
67.61666666666666,4.354111053636029,0.0505720942254075
67.63333333333334,4.294985295215726,0.0483815104055869
67.65,4.236640615515531,0.0465800473769558
67.66666666666667,4.179072042282565,0.0450909582803246
67.68333333333334,4.122273539885998,0.0438535920379636
67.7,4.06623826052851,0.0428199155170074
67.71666666666667,4.010958740776768,0.0419517901435234
67.73333333333333,3.9564270554800043,0.0412188419213605
67.75,3.902634938339348,0.040596798244289
67.76666666666667,3.8495738763903935,0.0400661905003638
67.78333333333333,3.797235184209492,0.0396113407845153
67.8,3.745610062211143,0.0392195707799709
67.81666666666666,3.694689642538917,0.0388805829704937
67.83333333333333,3.6444650252484254,0.0385859757160678
67.85,3.594927306847901,0.0383288627855543
67.86666666666666,3.5460676028587743,0.0381035737513317
67.88333333333334,3.497877065646314,0.0379054176034877
67.9,3.4503468985143004,0.0377304956458811
67.91666666666667,3.403468366844998,0.0375755528154615
67.93333333333334,3.357232806879749,0.037437859236664
67.95,3.311631632624361,0.0373151154217952
67.96666666666667,3.266656341251153,0.0372053761258006
67.98333333333333,3.222298517286901,0.037106989023056
68.0,3.1785498358427624,0.0370185448625696
68.01666666666667,3.1354020650402052,0.0369388371577159
68.03333333333333,3.092847067801313,0.0368668292355848
68.05,3.0508768031250404,0.0368016271246969
68.06666666666666,3.0094833269462606,0.0367424571915279
68.08333333333333,2.9686587926242782,0.0366886479328659
68.1,2.928395451163024,0.0366396146545984
68.11666666666666,2.8886856512019476,0.0365948466170825
68.13333333333334,2.849521838800793,0.0365538965109028
68.15,2.810896557073107,0.0365163714962791
68.16666666666667,2.7728024456890554,0.036481925646217
68.18333333333334,2.735232240267132,0.0364502536161526
68.2,2.69817877167959,0.0364210852289459
68.21666666666667,2.6616349652844917,0.036394180871626
68.23333333333333,2.625593840097099,0.0363693275804024
68.25,2.590048507913307,0.036346335672836
68.26666666666667,2.554992172393229,0.0363250358589143
68.28333333333333,2.520418128112918,0.0363052767561753
68.3,2.4863197595909585,0.0362869227387854
68.31666666666666,2.4526905402953108,0.0362698520767468
68.33333333333333,2.4195240316350337,0.036253955321231
68.35,2.3868138819368956,0.036239133896465
68.36666666666666,2.3545538254149507,0.036225298867214
68.38333333333334,2.3227376811450626,0.036212369885465
68.4,2.2913593520655646,0.0362002742792398
68.41666666666667,2.260412823896247,0.0361889461346262
68.43333333333334,2.229892164116205,0.0361783256221695
68.45,2.1997915209065027,0.0361683583815313
68.46666666666667,2.1701051221797987,0.0361589949586598
68.48333333333333,2.1408272745262935,0.0361501902604445
68.5,2.1119523622114036,0.0361419031279551
68.51666666666667,2.083474846187782,0.0361340959760952
68.53333333333333,2.0553892630210226,0.036126734419477
68.55,2.0276902239549024,0.0361197869593495
68.56666666666666,2.0003724139333072,0.0361132247129774
68.58333333333333,1.9734305906488652,0.0361070211750113
68.6,1.9468595835091274,0.036101151980439
68.61666666666666,1.9206542927090497,0.036095594709211
68.63333333333334,1.8948096883074987,0.036090328714659
68.65,1.8693208093060902,0.0360853349655337
68.66666666666667,1.844182762705676,0.0360805958984694
68.68333333333334,1.8193907225537551,0.0360760952826471
68.7,1.7949399290891828,0.0360718181116533
68.71666666666667,1.7708256878519213,0.0360677504977262
68.73333333333333,1.7470433688174698,0.0360638795774398
68.75,1.7235884054595967,0.0360601934185303
68.76666666666667,1.7004562939288619,0.036056680947221
68.78333333333333,1.6776425922131821,0.0360533318781611
68.8,1.6551429193137475,0.0360501366508749
68.81666666666666,1.632952954383893,0.0360470863686599
68.83333333333333,1.6110684358964564,0.0360441727452259
68.85,1.5894851608699478,0.0360413880587971
68.86666666666666,1.5681989840746644,0.0360387251079548
68.88333333333334,1.5472058172498113,0.0360361771714104
68.9,1.5265016282836272,0.036033737969397
68.91666666666667,1.506082440470257,0.0360314016310749
68.93333333333334,1.4859443317691774,0.0360291626647406
68.95,1.4660834340792366,0.0360270159304759
68.96666666666667,1.446495932430958,0.0360249566118172
68.98333333333333,1.4271780642951317,0.036022980193318
69.0,1.4081261188798393,0.0360210824393856
69.01666666666667,1.3893364364427092,0.0360192593747772
69.03333333333333,1.370805407534441,0.0360175072646264
69.05,1.352529472325265,0.0360158225981262
69.06666666666666,1.334505119947689,0.0360142020735589
69.08333333333333,1.3167288878409853,0.0360126425841669
69.1,1.299197361052335,0.0360111412040804
69.11666666666666,1.2819071715739223,0.0360096951760408
69.13333333333334,1.2648549977312602,0.0360083019007651
69.15,1.24803756355752,0.0360069589265849
69.16666666666667,1.2314516381494116,0.0360056639394414
69.18333333333334,1.2150940350173336,0.0360044147535469
69.2,1.1989616115140798,0.0360032093037166
69.21666666666667,1.1830512682393284,0.0360020456377082
69.23333333333333,1.1673599484437742,0.0360009219090037
69.25,1.1518846373983773,0.0359998363696965
69.26666666666667,1.13662236185645,0.0359987873648502
69.28333333333333,1.1215701894891665,0.0359977733268008
69.3,1.106725228331259,0.0359967927698669
69.31666666666666,1.092084626175464,0.0359958442849387
69.33333333333333,1.0776455700612344,0.0359949265352384
69.35,1.0634052857418916,0.0359940382520602
69.36666666666666,1.0493610371658173,0.0359931782308326
69.38333333333334,1.0355101259015107,0.0359923453270126
69.4,1.0218498906466391,0.0359915384528314
69.41666666666667,1.0083777067274007,0.0359907565740968
69.43333333333334,0.9950909856094075,0.0359899987072163
69.45,0.9819871743584646,0.0359892639160947
69.46666666666667,0.9690637551640234,0.0359885513095836
69.48333333333333,0.9563182448712929,0.0359878600390773
69.5,0.9437481945163417,0.0359871892962258
69.51666666666667,0.9313511888270454,0.0359865383106074
69.53333333333333,0.9191248457557981,0.0359859063476923
69.55,0.9070668160440699,0.0359852927070317
69.56666666666666,0.8951747827791864,0.0359846967204856
69.58333333333333,0.8834464609346261,0.0359841177504752
69.6,0.8718795969119657,0.03598355518835
69.61666666666666,0.8604719681349583,0.0359830084530158
69.63333333333334,0.8492213826277077,0.0359824769895587
69.65,0.8381256785897775,0.0359819602679262
69.66666666666667,0.8271827239513888,0.0359814577816276
69.68333333333334,0.8163904159919962,0.0359809690466856
69.7,0.8057466809403476,0.0359804936005731
69.71666666666667,0.7952494735798619,0.0359800310012159
69.73333333333333,0.7848967768206845,0.0359795808259729
69.75,0.7746866013384127,0.0359791426708339
69.76666666666667,0.7646169851961646,0.0359787161496087
69.78333333333333,0.7546859934762015,0.0359783008931777
69.8,0.7448917178721182,0.0359778965487131
69.81666666666666,0.7352322763435366,0.0359775027790713
69.83333333333333,0.7257058127605625,0.0359771192621948
69.85,0.7163104965573155,0.035976745690563
69.86666666666666,0.7070445223477948,0.0359763817706278
69.88333333333334,0.6979061095925265,0.0359760272223737
69.9,0.6888935022655047,0.035975681778907
69.91666666666667,0.6800049685261711,0.0359753451860829
69.93333333333334,0.6712388003614904,0.0359750172021418
69.95,0.6625933132611863,0.0359746975974303
69.96666666666667,0.6540668459071026,0.0359743861541709
69.98333333333333,0.6456577598606978,0.0359740826662628
70.0,0.6373644392330973,0.0359737869391174
70.01666666666667,0.6291852903663766,0.0359734987895596
70.03333333333333,0.6211187415445919,0.0359732180457871
70.05,0.61316324269633,0.0359729445473673
70.06666666666666,0.6053172650894625,0.0359726781452887
70.08333333333333,0.5975793010211384,0.0359724187020903
70.1,0.5899478635472164,0.0359721660920438
70.11666666666666,0.5824214862000054,0.0359719202013958
70.13333333333334,0.5749987227049134,0.0359716809286811
70.15,0.5676781466810432,0.0359714481851585
70.16666666666667,0.5604583513864817,0.0359712218952871
70.18333333333334,0.5533379494508621,0.0359710019972965
70.2,0.5463155726115578,0.0359707884438493
70.21666666666667,0.5393898714268567,0.0359705812029042
70.23333333333333,0.5325595150342541,0.0359703802586037
70.25,0.5258231908981329,0.0359701856123066
70.26666666666667,0.519179604563021,0.0359699972837338
70.28333333333333,0.5126274793803655,0.0359698153124403
70.3,0.5061655562783023,0.0359696397592976
70.31666666666666,0.49979259352155897,0.0359694707081967
70.33333333333333,0.4935073664895853,0.0359693082678067
70.35,0.4873086674035062,0.035969152573999
70.36666666666666,0.48119530511472464,0.0359690037921301
70.38333333333334,0.4751661048829568,0.0359688621195932
70.4,0.4692199081544597,0.0359687277886238
70.41666666666667,0.46335557231271896,0.0359686010698876
70.43333333333334,0.45757197047824605,0.0359684822758273
70.45,0.4518679912987487,0.0359683717643845
70.46666666666667,0.44624253873476893,0.0359682699431461
70.48333333333333,0.44069453182762114,0.0359681772744086
70.5,0.4352229045117931,0.0359680942797851
70.51666666666667,0.4298266054162192,0.0359680215453131
70.53333333333333,0.42450459766184667,0.0359679597270649
70.55,0.41925585863351195,0.035967909558153
70.56666666666666,0.41407937981671494,0.0359678718540375
70.58333333333333,0.4089741665984894,0.0359678475193908
70.6,0.40393923807349535,0.0359678375550689
70.61666666666666,0.398973626859348,0.0359678430650384
70.63333333333334,0.39407637891156083,0.0359678652635261
70.65,0.3892465533431372,0.0359679054821041
70.66666666666667,0.38448322223623577,0.035967965177106
70.68333333333334,0.3797854704771085,0.0359680459352428
70.7,0.3751523955785539,0.0359681494804214
70.71666666666667,0.3705831075076711,0.0359682776792781
70.73333333333333,0.366076728517073,0.0359684325461059
70.75,0.36163239297818295,0.0359686162467836
70.76666666666667,0.35724924721692425,0.0359688311016516
70.78333333333333,0.35292644935167017,0.0359690795874135
70.8,0.3486631691335671,0.0359693643377071
70.81666666666666,0.3444585877888227,0.0359696881425174
70.83333333333333,0.340311897854806,0.0359700539457849
70.85,0.3362223030646115,0.0359704648442208
70.86666666666666,0.3321890181322945,0.0359709240849679
70.88333333333334,0.3282112686542758,0.0359714350554222
70.9,0.32428829094452294,0.0359720012844005
70.91666666666667,0.3204193318868436,0.0359726264366976
70.93333333333334,0.31660364879826786,0.0359733143081686
70.95,0.31284050928320284,0.0359740688243163
70.96666666666667,0.309129191096602,0.0359748940378009
70.98333333333333,0.3054689820047664,0.0359757941289518
71.0,0.3018591796459384,0.0359767734072931
71.01666666666667,0.29829909140536925,0.0359778363164155
71.03333333333333,0.2947880342763719,0.0359789874410311
71.05,0.2913253347328742,0.0359802315146902
71.06666666666666,0.28791032860059684,0.0359815734333152
71.08333333333333,0.28454236093084473,0.0359830182684334
71.1,0.2812207858807867,0.0359845712842588
71.11666666666666,0.27794496658639334,0.0359862379557061
71.13333333333334,0.2747142750428295,0.0359880239930542
71.15,0.27152809198825,0.035989935363903
71.16666666666667,0.26838580678890966,0.0359919783187523
71.18333333333334,0.26528681732262066,0.0359941594201536
71.2,0.26223052986724027,0.0359964855726428
71.21666666666667,0.25921635899348083,0.0359989640543021
71.23333333333333,0.2562437274553395,0.0360016025498875
71.25,0.25331206608477896,0.0360044091875532
71.26666666666667,0.2504208136881363,0.0360073925758145
71.28333333333333,0.2475694169446967,0.0360105618436149
71.3,0.24475733030721858,0.0360139266822136
71.31666666666666,0.2419840159046134,0.0360174973887322
71.33333333333333,0.23924894344666536,0.0360212849132812
71.35,0.23655159013088206,0.0360253009081698
71.36666666666666,0.23389144055147223,0.0360295577800285
71.38333333333334,0.23126798661045042,0.0360340687455651
71.4,0.22868072743093107,0.0360388478905547
71.41666666666667,0.22612916927262058,0.0360439102328133
71.43333333333334,0.22361282544954791,0.0360492717895699
71.45,0.2211312162500916,0.0360549496494155
71.46666666666667,0.21868386885931312,0.0360609620494183
71.48333333333333,0.21627031728372706,0.0360673284580221
71.5,0.2138901022784939,0.0360740696639548
71.51666666666667,0.21154277127715868,0.0360812078719986
71.53333333333333,0.20922787832399625,0.0360887668061837
71.55,0.20694498400906153,0.036096771820985
71.56666666666666,0.2046936554060772,0.0361052500215239
71.58333333333333,0.2024734660131877,0.0361142303932246
71.6,0.2002839956968123,0.0361237439422291
71.61666666666666,0.19812483063866837,0.0361338238472865
71.63333333333334,0.19599556328614992,0.0361445056242744
71.65,0.19389579230623305,0.0361558273046044
71.66666666666667,0.19182512254304318,0.0361678296285303
71.68333333333334,0.18978316497943243,0.0361805562554279
71.7,0.1877695367026411,0.0361940539917849
71.71666666666667,0.1857838608744026,0.0362083730392585
71.73333333333333,0.1838257667057335,0.0362235672645392
71.75,0.1818948894367376,0.0362396944930366
71.76666666666667,0.17999087032177208,0.0362568168289156
71.78333333333333,0.17811335662033873,0.0362750010039031
71.8,0.17626200159414637,0.0362943187578973
71.81666666666666,0.17443646451079547,0.0363148472544872
71.83333333333333,0.17263641065461105,0.0363366695349426
71.85,0.17086151134518063,0.0363598750146439
71.86666666666666,0.16911144396425262,0.0363845600263551
71.88333333333334,0.16738589199166737,0.0364108284151361
71.9,0.1656845450511196,0.0364387921904995
71.91666666666667,0.16400709896660073,0.0364685722417882
71.93333333333334,0.16235325583048232,0.0365002991236087
71.95,0.16072272408429808,0.0365341139189541
71.96666666666667,0.15911521861341515,0.0365701691885627
71.98333333333333,0.15753046085689032,0.036608630015957
72.0,0.1559681789339941,0.0366496751590818
72.01666666666667,0.15442810778902333,0.0366934983204661
72.03333333333333,0.15290998935622976,0.0367403095495097
72.05,0.1514135727468935,0.0367903367922212
72.06666666666666,0.14993861446083176,0.036843827605656
72.08333333333333,0.1484848786248687,0.0369010510564195
72.1,0.14705213726114463,0.0369622998254416
72.11666666666666,0.1456401705884591,0.0370278925438221
72.13333333333334,0.14424876736025302,0.0370981763880369
72.15,0.1428777252432791,0.0371735299666452
72.16666666666667,0.14152685124152345,0.0372543665349425
72.18333333333334,0.1401959621705228,0.0373411375790829
72.2,0.1388848851878852,0.0374343368170578
72.21666666666667,0.13759345838658082,0.03753450467055
72.23333333333333,0.1363215314584373,0.0376422332694747
72.25,0.13506896643626887,0.0377581720599956
72.26666666666667,0.13383563852419447,0.0378830340970821
72.28333333333333,0.1326214370270459,0.0380176031150283
72.3,0.13142626639122576,0.0381627414828871
72.31666666666666,0.13025004737114937,0.0383193991685322
72.33333333333333,0.1290927183373898,0.0384886238539292
72.35,0.12795423674499043,0.0386715723664188
72.36666666666666,0.12683458078299825,0.0388695236162143
72.38333333333334,0.12573375122959102,0.0390838932630856
72.4,0.12465177354054875,0.03931625036698
72.41666666666667,0.12358870020319873,0.0395683363229049
72.43333333333334,0.12254461339277278,0.0398420864288296
72.45,0.12151962797400964,0.0401396544929527
72.46666666666667,0.12051389489707319,0.0404634409533264
72.48333333333333,0.11952760504557107,0.0408161250748924
72.5,0.11856099360278476,0.0412007018666932
72.51666666666667,0.11761434501353843,0.0416205244914361
72.53333333333333,0.11668799863157692,0.0420793530722739
72.55,0.11578235515766148,0.0425814109539509
72.56666666666666,0.11489788399101575,0.0431314496743869
72.58333333333333,0.11403513163758067,0.0437348241233823
72.6,0.11319473134340272,0.0443975796346796
72.61666666666666,0.11237741415047284,0.0451265530743513
72.63333333333334,0.11158402160685614,0.0459294903617769
72.65,0.11081552040363185,0.0468151833034462
72.66666666666667,0.1100730192593547,0.0477936291387114
72.68333333333334,0.10935778842945718,0.0488762168017294
72.7,0.1086712822848293,0.050075944610955
72.71666666666667,0.10801516548232418,0.0514076749043311
72.73333333333333,0.10739134334150152,0.0528884320517392
72.75,0.10680199714823267,0.0545377512931537
72.76666666666667,0.10624962522818263,0.0563780869401199
72.78333333333333,0.10573709077224838,0.0584352895979713
72.8,0.10526767755133767,0.0607391631275709
72.81666666666666,0.10484515482720483,0.063324112918052
72.83333333333333,0.10447385294385755,0.0662298974501868
72.85,0.10415875126002613,0.0695024947263491
72.86666666666666,0.10390558023970826,0.0731950933818537
72.88333333333334,0.10372093962651402,0.0773692143916208
72.9,0.10361243464517252,0.082095962165541
72.91666666666667,0.103588832036811,0.0874573920684969
72.93333333333334,0.10366023735483132,0.0935479632709166
72.95,0.10383829420741218,0.1004760194246646
72.96666666666667,0.10413640488446398,0.1083652032637825
72.98333333333333,0.10456996984637376,0.1173556658780707
73.0,0.10515664123288665,0.1276048646696202
73.01666666666667,0.10591658044752268,0.1392877064719397
73.03333333333333,0.10687270701113495,0.1525957252587814
73.05,0.10805092054830702,0.1677349254408076
73.06666666666666,0.10948027025320134,0.1849220354499292
73.08333333333333,0.11119304567978502,0.204378915836816
73.1,0.11322475783069685,0.226325136199355
73.11666666666666,0.11561398417774454,0.2509689845417889
73.13333333333334,0.11840205739939241,0.2784975239213513
73.15,0.12163259289234687,0.3090666107926234
73.16666666666667,0.12535086422592306,0.3427919386833115
73.18333333333334,0.1296030547597723,0.3797421547360486
73.2,0.13443542738254854,0.4199349364498985
73.21666666666667,0.13989347183199505,0.4633362187533221
73.23333333333333,0.14602107289360153,0.5098627428410535
73.25,0.15285975931507767,0.559387241816941
73.26666666666667,0.16044806347252813,0.6117455673004732
73.28333333333333,0.16882101989049045,0.6667448839589403
73.3,0.17800980873397543,0.7241720989614544
73.31666666666666,0.18804154014273083,0.7838018828379353
73.33333333333333,0.19893916880405946,0.8454038141782632
73.35,0.21072151834624003,0.9087483915383222
73.36666666666666,0.22340339485355248,0.9736118205165526
73.38333333333334,0.23699576808287395,1.039779609036557
73.4,0.2515060005529382,1.1070490843716494
73.41666666666667,0.2669381074078877,1.1752309809494286
73.43333333333334,0.28329303215547025,1.244150284972018
73.45,0.30056892781978695,1.3136464781592925
73.46666666666667,0.3187614342613335,1.3835733446703005
73.48333333333333,0.3378639457401677,1.4537984623759157
73.5,0.3578678644424932,1.5242024846565567
73.51666666666667,0.37876283753466444,1.5946782916565232
73.53333333333333,0.40053697622761036,1.665130077321349
73.55,0.4231770565213379,1.7354724162066335
73.56666666666666,0.44666870179193996,1.805629344262216
73.58333333333333,0.4709965479331768,1.8755334754187152
73.6,0.49614439198554167,1.9451251683445892
73.61666666666666,0.5220953254079406,2.014351751461565
73.63333333333334,0.548831853190512,2.0831668099178264
73.65,0.5763360000378067,2.151529534975356
73.66666666666667,0.6045894048345782,2.219404134266261
73.68333333333334,0.6335734045065533,2.28675929997427
73.7,0.6632691084131761,2.3535677308043272
73.71666666666667,0.6936574642324821,2.4198057040852183
73.73333333333333,0.7247193161333519,2.4854526935306924
73.75,0.7564354562997234,2.550491027564667
73.76666666666667,0.7887866702993894,2.614905585423512
73.78333333333333,0.8217537771482,2.6786835259824704
73.8,0.8553176645423659,2.7418140465315792
73.81666666666666,0.889459319839965,2.804288167921689
73.83333333333333,0.9241598572822561,2.866098543019901
73.85,0.9594005418039768,2.927239286258038
73.86666666666666,0.9951628098910861,2.9877058213708456
73.88333333333334,1.0314282877398115,3.047494745686935
73.9,1.068178807051742,3.106603708838611
73.91666666666667,1.1053964187191891,3.1650313042711056
73.93333333333334,1.1430634046028256,3.2227769722508643
73.95,1.1811622876498205,3.279840912822721
73.96666666666667,1.2196758404882617,3.3362240078420657
73.98333333333333,1.2585870926894391,3.391927750899392
74.0,1.2978793368299966,3.446954184315121
74.01666666666667,1.3375361334720972,3.501305842479258
74.03333333333333,1.3775413151969367,3.5549857007195045
74.05,1.4178789897664927,3.607997129242452
74.06666666666666,1.4585335425244992,3.660343851492275
74.08333333333333,1.4994896381052862,3.712029906518275
74.1,1.5407322215288914,3.763059614904212
74.11666666666666,1.5822465187392591,3.813437547933432
74.13333333333334,1.6240180366543713,3.863168499569957
74.15,1.6660325627684358,3.9122574610765946
74.16666666666667,1.7082761643611555,3.960709597924524
74.18333333333334,1.7507351873585297,4.008530228776629
74.2,1.7933962548653297,4.055724806426018
74.21666666666667,1.8362462654272032,4.10229890034821
74.23333333333333,1.8792723910356537,4.148258180855245
74.25,1.9224620749091892,4.19360840462498
74.26666666666667,1.9658030290853503,4.238355401436332
74.28333333333333,2.0092832318190985,4.282505062179313
74.3,2.0528909248416354,4.3260633277643885
74.31666666666666,2.096614610475916,4.369036179026958
74.33333333333333,2.140443048631286,4.411429627518352
74.35,2.18436525369522,4.45324970703074
74.36666666666666,2.2283704913331595,4.494502465851482
74.38333333333334,2.272448275208551,4.535193959676973
74.4,2.3165883636370497,4.575330245092824
74.41666666666667,2.360780756182699,4.614917373607953
74.43333333333334,2.4050156902063153,4.653961386183184
74.45,2.4492836373748523,4.692468308202632
74.46666666666667,2.4935753001389096,4.730444144859287
74.48333333333333,2.537881608185416,4.767894876921721
74.5,2.5821937148720897,4.804826456841295
74.51666666666667,2.626502993649167,4.84124480517687
74.53333333333333,2.670801034473575,4.877155807309984
74.55,2.715079640220393,4.912565310423859
74.56666666666666,2.7593308230956812,4.947479120726068
74.58333333333333,2.803546801054622,4.98190300089404
74.6,2.847719994228381,5.015842667724131
74.61666666666666,2.8918430213628104,5.049303789967752
74.63333333333334,2.9359086962717895,5.082291986338659
74.65,2.979910024277363,5.1148128236679815
74.66666666666667,3.0238401987230983,5.146871815220163
74.68333333333334,3.0676925975483815,5.178474419195008
74.7,3.1114607797829414,5.209626037176141
74.71666666666667,3.1551384820617843,5.240332012779136
74.73333333333333,3.1987196152328803,5.270597630504843
74.75,3.2421982608843853,5.300428114604435
74.76666666666667,3.2855686683307055,5.3298286280674345
74.78333333333333,3.328825250787237,5.358804271380378
74.8,3.371962582355721,5.387360081789227
74.81666666666666,3.414975394785857,5.415501032476393
74.83333333333333,3.4578585742020613,5.443232031736092
74.85,3.5006071577114852,5.47055792208571
74.86666666666666,3.543216330404144,5.497483479632428
74.88333333333334,3.5856814222209525,5.52401341339688
74.9,3.6279979049113127,5.550152364671538
74.91666666666667,3.670161388708157,5.575904906323644
74.93333333333334,3.7121676194090028,5.601275542227274
74.95,3.7540124754076687,5.626268706687379
74.96666666666667,3.7956919647708114,5.650888763875735
74.98333333333333,3.837202222156846,5.675140007238371
75.0,3.878539505847844,5.699026658931217
75.01666666666667,3.91970019498446,5.722552869288984
75.03333333333333,3.960680786725389,5.745722716272306
75.05,4.001477893433579,5.768540204911647
75.06666666666666,4.0420882396736895,5.791009266700283
75.08333333333333,4.082508659597752,5.813133759047939
75.1,4.12273609424351,5.834917464695004
75.11666666666666,4.162767588869309,5.856364091119142
75.13333333333334,4.202600290032185,5.877477269860512
75.15,4.2422314430523755,5.898260555899196
75.16666666666667,4.281658389431734,5.918717426991058
75.18333333333334,4.320878564319464,5.938851282989854
75.2,4.35988949371718,5.95866544506294
75.21666666666667,4.398688791969758,5.9781631549351255
75.23333333333333,4.437274159310833,5.997347574109685
75.25,4.475643379402981,6.0162217830517335
75.26666666666667,4.513794316704674,6.034788780265192
75.28333333333333,4.551724913949147,6.05305148134198
75.3,4.58943318980724,6.07101271802637
75.31666666666666,4.626917236483986,6.088675237209885
75.33333333333333,4.664175217229743,6.106041699831375
75.35,4.7012053638019475,6.123114679671789
75.36666666666666,4.738005974216905,6.139896662215501
75.38333333333334,4.774575410390861,6.156390043404215
75.4,4.810912095762004,6.17259712831143
75.41666666666667,4.8470145127427395,6.1885201296255445
75.43333333333334,4.882881200520046,6.20416116624664
75.45,4.918510752731014,6.2195222617438
75.46666666666667,4.953901815158009,6.234605342745717
75.48333333333333,4.989053083174862,6.249412237046833
75.5,5.023963299554754,6.26394467186361
75.51666666666667,5.058631252165183,6.2782042719298135
75.53333333333333,5.093055771696922,6.29219255752918
75.55,5.127235729104626,6.305910942153995
75.56666666666666,5.161170033375214,6.319360730318784
75.58333333333333,5.194857629225634,6.332543115217565
75.6,5.228297494818928,6.34545917629702
75.61666666666666,5.2614886391996745,6.3581098763935096
75.63333333333334,5.29443009996818,6.370496058964794
75.65,5.3271209409596825,6.382618445216411
75.66666666666667,5.359560249897058,6.394477631080692
75.68333333333334,5.391747135816036,6.406074083751491
75.7,5.423680726581791,6.417408138142362
75.71666666666667,5.455360166521487,6.428479993366442
75.73333333333333,5.486784613965268,6.439289708954462
75.75,5.5179532386312,6.449837200667071
75.76666666666667,5.548865218930918,6.460122235956156
75.78333333333333,5.579519739507101,6.470144429631591
75.8,5.609915988618273,6.479903239125014
75.81666666666666,5.640053155421402,6.489397959388144
75.83333333333333,5.669930427026527,6.498627717115611
75.85,5.699546985866589,6.507591465360181
75.86666666666666,5.7289020068721825,6.516287977603813
75.88333333333334,5.75799465458196,6.524715841500943
75.9,5.786824079888262,6.532873451566331
75.91666666666667,5.8153894171538765,6.540759002433547
75.93333333333334,5.843689781107347,6.548370481440107
75.95,5.871724263695688,6.55570566091026
75.96666666666667,5.899491930453635,6.5627620889803975
75.98333333333333,5.926991817254935,6.569537081098985
76.0,5.954222926848876,6.576027710800868
76.01666666666667,5.9811842253482155,6.582230800154278
76.03333333333333,6.007874638134943,6.588142908360951
76.05,6.034293046115988,6.59376032103369
76.06666666666666,6.060438281798754,6.599079038795569
76.08333333333333,6.0863091252871175,6.604094765466742
76.1,6.1119042996282795,6.608802894105169
76.11666666666666,6.137222466402934,6.613198493510889
76.13333333333334,6.1622622212336,6.61727629433438
76.15,6.1870220891178,6.621030674503665
76.16666666666667,6.211500519130235,6.624455642508304
76.18333333333334,6.235695879141038,6.627544820547651
76.2,6.259606450628513,6.630291427879013
76.21666666666667,6.283230423188597,6.632688263129085
76.23333333333333,6.306565888458939,6.634727684641941
76.25,6.329610833762043,6.636401589859017
76.26666666666667,6.352363136079918,6.637701395776282
76.28333333333333,6.374820555569541,6.638618017949448
76.3,6.396980728577554,6.639141847925489
76.31666666666666,6.418841160004071,6.63926272868803
76.33333333333333,6.440399216292306,6.638969932306417
76.35,6.4616521178176765,6.638252135819093
76.36666666666666,6.4825969307929565,6.637097395791698
76.38333333333334,6.503230558254313,6.635493120338653
76.4,6.523549731894898,6.633426044196031
76.41666666666667,6.543551003226222,6.63088220201487
76.43333333333334,6.563230734254994,6.62784690058687
76.45,6.582585086957395,6.624304688146984
76.46666666666667,6.601610013894052,6.620239327666912
76.48333333333333,6.620301248027797,6.615633768299244
76.5,6.638654292124373,6.610470116251478
76.51666666666667,6.6566644067192415,6.604729602642983
76.53333333333333,6.674326599416673,6.598392555829462
76.55,6.691635613434133,6.591438372402534
76.56666666666666,6.708585915696812,6.583845487826518
76.58333333333333,6.725171683243032,6.575591344090731
76.6,6.74138679142252,6.566652362802909
76.61666666666666,6.757224801104139,6.5570039167557415
76.63333333333334,6.772678945763858,6.5466203021571525
76.65,6.78774211621843,6.535474707186902
76.66666666666667,6.802406848006737,6.523539187598309
76.68333333333334,6.816665307690282,6.510784640865511
76.7,6.83050927826315,6.497180779812827
76.71666666666667,6.8439301431663715,6.482696105537262
76.73333333333333,6.856918871446194,6.467297884026176
76.75,6.869466010047319,6.450952134804143
76.76666666666667,6.881561656596252,6.4336235905586445
76.78333333333333,6.893195452551755,6.415275691245921
76.8,6.904356567899437,6.3958705640132525
76.81666666666666,6.91503367896313,6.375368999131455
76.83333333333333,6.925214961954553,6.353730445708637
76.85,6.934888071970399,6.3309129917882885
76.86666666666666,6.944040128337345,6.306873357684204
76.88333333333334,6.952657697689606,6.281566882950415
76.9,6.960726783381427,6.25494752420731
76.91666666666667,6.968232806799691,6.226967853425621
76.93333333333334,6.975160593060049,6.197579059181259
76.95,6.981494356587255,6.166730947429676
76.96666666666667,6.987217686632504,6.134371950311367
76.98333333333333,6.992313533400395,6.100449138739903
77.0,6.996764194385348,6.064908238310111
77.01666666666667,7.000551300851682,6.027693650061934
77.03333333333333,7.003655805506246,5.988748477619663
77.05,7.0060579707288975,5.948014559938949
77.06666666666666,7.007737357345345,5.905432510405404
77.08333333333333,7.008672814873668,5.860941760443875
77.1,7.008842471329543,5.814480616690098
77.11666666666666,7.008223725356583,5.76598632318942
77.13333333333334,7.006793239442945,5.715395131736903
77.15,7.0045269342595216,5.662642383552612
77.16666666666667,7.0013999845084,5.607662600131298
77.18333333333334,6.997386816291298,5.550389592884243
77.2,6.9924611068357,5.490756581376108
77.21666666666667,6.98659578611013,5.428696324862192
77.23333333333333,6.97976304058627,5.364141269827947
77.25,6.971934319451253,5.29702371584716
77.26666666666667,6.963080344391702,5.22727601288917
77.28333333333333,6.953171121977332,5.154830764600437
77.3,6.942175959505611,5.079621061235968
77.31666666666666,6.930063484161603,5.001580733952829
77.33333333333333,6.9168016678148305,4.920644656886919
77.35,6.902357856541779,4.836749078672999
77.36666666666666,6.886698804280583,4.749831981656437
77.38333333333334,6.86979071273265,4.659833491355895
77.4,6.851599276907668,4.566696328541335
77.41666666666667,6.832089742864731,4.47036636655762
77.43333333333334,6.8112269694970715,4.370793214187584
77.45,6.78897550065397,4.267930890697124
77.46666666666667,6.765299646991152,4.161738588150728
77.48333333333333,6.74016358499769,4.052181589263199
77.5,6.713531468877708,3.9392323012710593
77.51666666666667,6.685367558754585,3.822871515943136
77.53333333333333,6.655636360675364,3.703089751837473
77.55,6.624302803558189,3.579888967424516
77.56666666666666,6.591332453286025,3.453284706140664
77.58333333333333,6.556691734835909,3.3233084537730817
77.6,6.520348166857368,3.1900102531968564
77.61666666666666,6.482270782081432,3.053463363352933
77.63333333333334,6.4424304492856495,2.913767381761281
77.65,6.400800342522039,2.7710545631221857
77.66666666666667,6.357356517183328,2.625497146282454
77.68333333333334,6.312078604371994,2.477315369107482
77.7,6.264950635119656,2.3267890485452845
77.71666666666667,6.215962060368386,2.1742716368461075
77.73333333333333,6.165109102208505,2.020208492585634
77.75,6.112396292411911,1.865158263965084
77.76666666666667,6.0578384807494805,1.7098207868836743
77.78333333333333,6.001463269175389,1.555068460435106
77.8,5.943314037066303,1.401980325375195
77.81666666666666,5.883453324969188,1.251870201164602
77.83333333333333,5.821966614899636,1.1062985690063
77.85,5.7589659386955265,0.9670433751619772
77.86666666666666,5.694592425735645,0.8360042044345657
77.88333333333334,5.6290165354125445,0.7150233332490485
77.9,5.5624347453495195,0.6056420095792143
77.91666666666667,5.4950621547857175,0.5088615655136572
77.93333333333334,5.427121908377847,0.425000603029522
77.95,5.358833627236469,0.3537006416238688
77.96666666666667,5.290403233634241,0.2940621466897016
77.98333333333333,5.2220157933059905,0.2448428244004973
78.0,5.153831769135533,0.2046507836941909
78.01666666666667,5.085986199952796,0.1720938174143525
78.03333333333333,5.018589910462775,0.1458755841516585
78.05,4.951731905418931,0.1248459748400869
78.06666666666666,4.885482273021664,0.1080186811288186
78.08333333333333,4.819895154721788,0.0945683492566233
78.1,4.755011523757927,0.0838165490838413
78.11666666666666,4.6908616465399104,0.0752129215278925
78.13333333333334,4.627467184972623,0.0683153300655341
78.15,4.564842948926109,0.0627711004961938
78.16666666666667,4.502998330298428,0.0583003371689272
78.18333333333334,4.441938461052568,0.0546816768481739
78.2,4.381665139269485,0.0517404262928117
78.21666666666667,4.322177564633151,0.0493388726074714
78.23333333333333,4.263472919365599,0.0473684736507999
78.25,4.205546825230526,0.0457436281424301
78.26666666666667,4.148393702391675,0.0443967401638738
78.28333333333333,4.0920070504913975,0.0432743326862901
78.3,4.036379668762182,0.0423339978483988
78.31666666666666,3.981503828370296,0.0415420099109416
78.33333333333333,3.927371407293144,0.0408714615809082
78.35,3.873973996084515,0.0403008084002513
78.36666666666666,3.821302980807555,0.0398127332617148
78.38333333333334,3.769349608179162,0.0393932597894659
78.4,3.7181050368295256,0.0390310591134319
78.41666666666667,3.667560377656448,0.0387169075653419
78.43333333333334,3.617706725672112,0.0384432611457884
78.45,3.5685351851484657,0.0382039210765299
78.46666666666667,3.5200368894862644,0.037993770272481
78.48333333333333,3.472203016932231,0.0378085649126604
78.5,3.425024802994695,0.0376447692430734
78.51666666666667,3.378493550247371,0.0374994240758866
78.53333333333333,3.332600636050016,0.0373700417548854
78.55,3.2873375186005713,0.0372545219834144
78.56666666666666,3.2426957416548343,0.0371510840381535
78.58333333333333,3.1986669381649344,0.0370582120569232
78.6,3.1552428330675535,0.0369746104381038
78.61666666666666,3.112415245342354,0.0368991678268841
78.63333333333334,3.070176089515605,0.0368309274072461
78.65,3.028517376693876,0.0367690625668794
78.66666666666667,2.987431215233137,0.0367128566631862
78.68333333333334,2.946909811055486,0.0366616866968224
78.7,2.9069454677518656,0.0366150092340305
78.71666666666667,2.8675305864552705,0.0365723488759189
78.73333333333333,2.828657665537845,0.0365332886709096
78.75,2.790319300173348,0.0364974618928808
78.76666666666667,2.7525081817768333,0.0364645451872192
78.78333333333333,2.715217097347158,0.0364342527669173
78.8,2.678438928731974,0.0364063314358236
78.81666666666666,2.642166651825201,0.0363805563790271
78.83333333333333,2.6063933357112954,0.0363567275558519
78.85,2.571112141766415,0.0363346665950794
78.86666666666666,2.536316322723804,0.0363142141352269
78.88333333333334,2.501999221711245,0.0362952275260063
78.9,2.4681542712664726,0.0362775788381321
78.91666666666667,2.4347749923352704,0.0362611531410848
78.93333333333334,2.4018549932568196,0.0362458470041756
78.95,2.369387968724693,0.036231567183036
78.96666666666667,2.337367698773913,0.0362182294762983
78.98333333333333,2.3057880477862445,0.036205757816167
79.0,2.2746429633887995,0.0361940832435101
79.01666666666667,2.243926475445101,0.0361831431951636
79.03333333333333,2.213632695021125,0.0361728808661001
79.05,2.1837558133219708,0.0361632445889557
79.06666666666666,2.1542901008179305,0.0361541873584956
79.08333333333333,2.125229906036507,0.0361456662308179
79.1,2.0965696546240813,0.0361376420037953
79.11666666666666,2.0683038483597547,0.0361300788557067
79.13333333333334,2.0404270641733806,0.036122944006706
79.15,2.0129339531422157,0.0361162074024122
79.16666666666667,1.9858192394655092,0.0361098414580012
79.18333333333334,1.9590777195476992,0.0361038208429369
79.2,1.9327042610425849,0.0360981222675198
79.21666666666667,1.9066938019225161,0.0360927242949109
79.23333333333333,1.8810413494658904,0.0360876071621607
79.25,1.8557419793712469,0.0360827526406737
79.26666666666667,1.830790834851208,0.0360781439005034
79.28333333333333,1.8061831257400265,0.036073765388708
79.3,1.7819141275599313,0.036069602714163
79.31666666666666,1.757979180621451,0.0360656425478707
79.33333333333333,1.7343736891831547,0.0360618725368716
79.35,1.7110931205907964,0.0360582812224759
79.36666666666666,1.68813300442996,0.0360548579663905
79.38333333333334,1.665488931621903,0.0360515928789065
79.4,1.6431565536345356,0.0360484767622155
79.41666666666667,1.6211315816639826,0.0360455010550213
79.43333333333334,1.5994097858412215,0.0360426577828915
79.45,1.577986994381244,0.0360399395092058
79.46666666666667,1.5568590927984678,0.0360373392942704
79.48333333333333,1.5360220231448203,0.0360348506583148
79.5,1.5154717832657283,0.0360324675473049
79.51666666666667,1.495204426007812,0.0360301842989067
79.53333333333333,1.475216058431985,0.0360279956127127
79.55,1.455502841118796,0.0360258965255348
79.56666666666666,1.4360609874440429,0.0360238823866206
79.58333333333333,1.4168867628580617,0.0360219488346893
79.6,1.3979764841148685,0.0360200917757372
79.61666666666666,1.3793265186171546,0.0360183073656325
79.63333333333334,1.360933283729409,0.0360165919925623
79.65,1.3427932461059036,0.0360149422609678
79.66666666666667,1.3249029209519028,0.0360133549752559
79.68333333333334,1.3072588713986286,0.0360118271271808
79.7,1.2898577078551239,0.0360103558832723
79.71666666666667,1.2726960873777178,0.0360089385733309
79.73333333333333,1.2557707129703468,0.0360075726785346
79.75,1.23907833298189,0.0360062558220593
79.76666666666667,1.222615740497949,0.0360049857600087
79.78333333333333,1.2063797727441996,0.0360037603729954
79.8,1.1903673104329946,0.0360025776574999
79.81666666666666,1.1745752771756612,0.0360014357187217
79.83333333333333,1.1590006389148442,0.0360003327639976
79.85,1.1436404033557128,0.0359992670965259
79.86666666666666,1.128491619363656,0.0359982371091092
79.88333333333334,1.113551376385996,0.0359972412785907
79.9,1.0988168039240356,0.0359962781610478
79.91666666666667,1.0842850709906453,0.0359953463870633
79.93333333333334,1.0699533855550258,0.0359944446571505
79.95,1.055818993977194,0.0359935717374091
79.96666666666667,1.0418791805143752,0.0359927264559617
79.98333333333333,1.0281312668054068,0.035991907699368
80.0,1.0145726113565479,0.0359911144092361
80.01666666666667,1.001200608994103,0.0359903455788387
80.03333333333333,0.9880126903989939,0.0359896002504206
80.05,0.9750063216185031,0.0359888775124691
80.06666666666666,0.9621790035876622,0.0359881764971705
80.08333333333333,0.9495282716047114,0.0359874963777831
80.1,0.9370516948882495,0.0359868363665654
80.11666666666666,0.9247468761166919,0.0359861957126937
80.13333333333334,0.9126114509799949,0.035985573700328
80.15,0.9006430876825609,0.0359849696465833
80.16666666666667,0.8888394865174863,0.0359843828999084
80.18333333333334,0.8771983794342395,0.0359838128384956
80.2,0.8657175296157288,0.0359832588687946
80.21666666666667,0.8543947310126409,0.035982720423958
80.23333333333333,0.8432278079300809,0.0359821969625546
80.25,0.8322146146236505,0.0359816879673596
80.26666666666667,0.8213530348972952,0.0359811929442011
80.28333333333333,0.8106409816727703,0.035980711420787
80.3,0.8000763965841755,0.0359802429456725
80.31666666666666,0.7896572496022197,0.0359797870873489
80.33333333333333,0.7793815386507708,0.0359793434333508
80.35,0.7692472892101468,0.0359789115893803
80.36666666666666,0.7592525539202828,0.0359784911784901
80.38333333333334,0.749395412230095,0.0359780818404047
80.4,0.7396739700328406,0.0359776832308442
80.41666666666667,0.7300863592991452,0.0359772950208835
80.43333333333334,0.720630737691995,0.03597691689633
80.45,0.7113052882372618,0.035976548557235
80.46666666666667,0.7021082189779672,0.0359761897174062
80.48333333333333,0.6930377626334586,0.0359758401039637
80.5,0.6840921762290721,0.035975499456904
80.51666666666667,0.6752697407840991,0.0359751675287793
80.53333333333333,0.6665687609852615,0.0359748440843896
80.55,0.6579875648680696,0.0359745289005172
80.56666666666666,0.6495245034643781,0.035974221765683
80.58333333333333,0.6411779505041488,0.0359739224799948
80.6,0.6329463021082121,0.0359736308550242
80.61666666666666,0.62482797648873,0.035973346713727
80.63333333333334,0.6168214136168,0.035973069890413
80.65,0.6089250749350641,0.0359728002307898
80.66666666666667,0.6011374430696631,0.0359725375920524
80.68333333333334,0.5934570215469019,0.0359722818430238
80.7,0.5858823344831643,0.0359720328643806
80.71666666666667,0.5784119263053026,0.0359717905489525
80.73333333333333,0.5710443614818935,0.0359715548020812
80.75,0.5637782242538035,0.035971325542049
80.76666666666667,0.5566121183469407,0.0359711027006335
80.78333333333333,0.5495446666993575,0.03597088622377
80.8,0.5425745112106448,0.0359706760722721
80.81666666666666,0.5357003124858445,0.0359704722226638
80.83333333333333,0.5289207495693079,0.0359702746681778
80.85,0.5222345196792683,0.0359700834199474
80.86666666666666,0.5156403379737313,0.0359698985082334
80.88333333333334,0.5091369373069874,0.0359697199838331
80.9,0.5027230679815721,0.035969547919706
80.91666666666667,0.4963974974951045,0.0359693824129071
80.93333333333334,0.4901590103169526,0.0359692235865529
80.95,0.48400640766212,0.0359690715919982
80.96666666666667,0.47793850725403203,0.0359689266113811
80.98333333333333,0.4719541430817323,0.0359687888606256
81.0,0.4660521651953753,0.0359686585923388
81.01666666666667,0.4602314394916401,0.0359685360990534
81.03333333333333,0.45449084748275786,0.03596842171709
81.05,0.4488292860743818,0.0359683158308131
81.06666666666666,0.44324566737028515,0.035968218876782
81.08333333333333,0.4377389184712717,0.0359681313482745
81.1,0.4323079812480414,0.0359680538008825
81.11666666666666,0.4269518121436498,0.0359679868580036
81.13333333333334,0.42166938199441145,0.035967931216154
81.15,0.4164596757968509,0.0359678876521276
81.16666666666667,0.4113216925506354,0.0359678570284024
81.18333333333334,0.4062544450459017,0.0359678403006112
81.2,0.4012569596807633,0.0359678385242806
81.21666666666667,0.39632827627581313,0.0359678528619244
81.23333333333333,0.3914674478915953,0.0359678845901438
81.25,0.3866735406532016,0.035967935106607
81.26666666666667,0.38194563355385247,0.0359680059372691
81.28333333333333,0.3772828183016321,0.0359680987418678
81.3,0.3726841991362319,0.0359682153205324
81.31666666666666,0.36814889266073575,0.0359683576188454
81.33333333333333,0.3636760276736678,0.0359685277323035
81.35,0.3592647450036036,0.0359687279096502
81.36666666666666,0.35491419734610924,0.0359689605552683
81.38333333333334,0.3506235491029519,0.0359692282303658
81.4,0.346391976223536,0.0359695336529125
81.41666666666667,0.3422186660447635,0.0359698796962439
81.43333333333334,0.3381028171482156,0.0359702693863122
81.45,0.33404363920127483,0.0359707059021221
81.46666666666667,0.3300403527943845,0.0359711925667015
81.48333333333333,0.3260921893140244,0.0359717328435827
81.5,0.3221983907828884,0.0359723303360593
81.51666666666667,0.3183582097201394,0.0359729887793673
81.53333333333333,0.3145709089994708,0.0359737120396694
81.55,0.3108357617080558,0.0359745041110081
81.56666666666666,0.30715205101015325,0.0359753691146361
81.58333333333333,0.30351907000051737,0.0359763113001122
81.6,0.2999361215856666,0.0359773350483196
81.61666666666666,0.2964025183389586,0.0359784448780483
81.63333333333334,0.2929175823749006,0.035979645452673
81.65,0.2894806452188615,0.0359809415915838
81.66666666666667,0.2860910476795064,0.0359823382833568
81.68333333333334,0.2827481397245879,0.0359838407012359
81.7,0.2794512803648297,0.0359854542199391
81.71666666666667,0.2761998375178428,0.0359871844383847
81.73333333333333,0.27299318790234883,0.0359890372025036
81.75,0.26983071691624066,0.0359910186286504
81.76666666666667,0.26671181852332565,0.0359931351317643
81.78333333333333,0.2636358951375801,0.0359953934546555
81.8,0.26060235751575883,0.0359978006991061
81.81666666666666,0.25761062464817797,0.0360003643577182
81.83333333333333,0.25466012365138846,0.0360030923494215
81.85,0.2517502896638918,0.0360059930562755
81.86666666666666,0.24888056574367468,0.0360090753618914
81.88333333333334,0.24605040276786092,0.0360123486927052
81.9,0.24325925933438547,0.0360158230605642
81.91666666666667,0.24050660166577434,0.0360195091081957
81.93333333333334,0.2377919035150046,0.0360234181575268
81.95,0.2351146460735024,0.0360275622603214
81.96666666666667,0.2324743178812613,0.0360319542522688
81.98333333333333,0.2298704147391214,0.0360366078104535
82.0,0.22730243962324395,0.0360415375144054
82.01666666666667,0.22476990260180246,0.0360467589114231
82.03333333333333,0.22227232075394415,0.0360522885863481
82.05,0.2198092180910547,0.0360581442362251
82.06666666666666,0.21738012548039315,0.036064344750489
82.08333333333333,0.2149845805711589,0.0360709102970171
82.1,0.21262212772304545,0.0360778624146493
82.11666666666666,0.2102923179373725,0.0360852241128886
82.13333333333334,0.207994708790876,0.0360930199793102
82.15,0.2057288643722679,0.0361012762955001
82.16666666666667,0.203494355221658,0.0361100211622473
82.18333333333334,0.20129075827295786,0.0361192846348746
82.2,0.1991176567994228,0.0361290988697097
82.21666666666667,0.19697464036245999,0.036139498282627
82.23333333333333,0.1948613047638851,0.0361505197208981
82.25,0.192777252001773,0.0361622026494266
82.26666666666667,0.19072209023016132,0.0361745893530641
82.28333333333333,0.18869543372278919,0.0361877251561721
82.3,0.18669690284112275,0.0362016586611929
82.31666666666666,0.18472612400694313,0.0362164420082184
82.33333333333333,0.18278272967979753,0.0362321311573911
82.35,0.18086635833964293,0.0362487861964719
82.36666666666666,0.1789766544750463,0.0362664716760291
82.38333333333334,0.17711326857734366,0.0362852569749908
82.4,0.17527585714120697,0.0363052166996366
82.41666666666667,0.1734640826721095,0.0363264311193626
82.43333333333334,0.17167761370123302,0.036348986643008
82.45,0.16991612480842674,0.0363729763399284
82.46666666666667,0.1681792966538754,0.0363985005104339
82.48333333333333,0.16646681601922286,0.036425667310805
82.5,0.16477837585897237,0.0364545934386961
82.51666666666667,0.16311367536307217,0.0364854048853344
82.53333333333333,0.16147242003169723,0.036518237761786
82.55,0.15985432176335398,0.0365532392073853
82.56666666666666,0.15825909895755716,0.036590568389361
82.58333333333333,0.15668647663346755,0.0366303976038482
82.6,0.15513618656604938,0.0366729134897653
82.61666666666666,0.1536079674414751,0.0367183183683212
82.63333333333334,0.15210156503371103,0.0367668317226806
82.65,0.1506167324044455,0.0368186918341001
82.66666666666667,0.14915323012878268,0.0368741575929142
82.68333333333334,0.14771082654940187,0.036933510505176
82.7,0.14628929806223115,0.0369970569185647
82.71666666666667,0.1448884294370443,0.0370651304941329
82.73333333333333,0.14350801417681722,0.0371380949542171
82.75,0.1421478549201606,0.0372163471408902
82.76666666666667,0.14080776389169875,0.0373003204240434
82.78333333333333,0.13948756340588103,0.0373904885036722
82.8,0.13818708643043245,0.037487369657217
82.81666666666666,0.13690617721646253,0.037591531490019
82.83333333333333,0.13564469200318346,0.0377035962553778
82.85,0.13440249980626018,0.0378242468203677
82.86666666666666,0.13317948330003518,0.0379542333648197
82.88333333333334,0.13197553980530707,0.0380943809140634
82.9,0.13079058239593186,0.0382455978209262
82.91666666666667,0.12962454113942123,0.0384088853306208
82.93333333333334,0.12847736448886934,0.0385853483825509
82.95,0.12734902084606037,0.038776207827267
82.96666666666667,0.12623950031841982,0.0389828142649766
82.98333333333333,0.12514881669611597,0.0392066637465306
83.0,0.12407700967917445,0.0394494156135271
83.01666666666667,0.12302414738932398,0.0397129128042459
83.03333333333333,0.1219903292065035,0.0399992050033009
83.05,0.12097568897632902,0.0403105750772297
83.06666666666666,0.11998039864148954,0.0406495693120532
83.08333333333333,0.1190046723601443,0.0410190320670801
83.1,0.11804877118238442,0.0414221455438986
83.11666666666666,0.11711300836917976,0.041862475519392
83.13333333333334,0.11619775545137351,0.0423440240235036
83.15,0.11530344914307487,0.0428712901203862
83.16666666666667,0.11443059924288572,0.0434493401666168
83.18333333333334,0.11357979767911008,0.0440838891586982
83.2,0.11275172888251898,0.0447813950831174
83.21666666666667,0.11194718170167531,0.0455491685234732
83.23333333333333,0.11116706311382421,0.0463955001913485
83.25,0.11041241402872429,0.0473298095303151
83.26666666666667,0.10968442753566421,0.0483628181074607
83.28333333333333,0.10898447000548434,0.0495067521622057
83.3,0.10831410553279647,0.0507755794483258
83.31666666666666,0.10767512428856686,0.0521852863635621
83.33333333333333,0.10706957545277763,0.0537542023353905
83.35,0.1064998055115809,0.0555033794910188
83.36666666666666,0.10596850283479994,0.0574570367523525
83.38333333333334,0.10547874959752611,0.0596430786002537
83.4,0.10503408227289211,0.0620936997243981
83.41666666666667,0.104638562097942,0.0648460874248548
83.43333333333334,0.10429685709299838,0.0679432336584989
83.45,0.10401433738322169,0.0714348675700032
83.46666666666667,0.10379718570597435,0.0753785165471862
83.48333333333333,0.10365252505457709,0.0798406983681859
83.5,0.10358856535223752,0.0848982375809906
83.51666666666667,0.10361477079459215,0.0906396842974893
83.53333333333333,0.10374204894313356,0.0971667912425838
83.55,0.1039829616563021,0.1045959732812836
83.56666666666666,0.10435195635744274,0.1130596314565858
83.58333333333333,0.10486561371633733,0.122707178176998
83.6,0.10554290554731627,0.1337054928332612
83.61666666666666,0.10640544830060397,0.1462386187957443
83.63333333333334,0.10747774135351515,0.1605062418146715
83.65,0.10878736352062608,0.1767207246913593
83.66666666666667,0.11036510398602949,0.1951023756163277
83.68333333333334,0.11224499717800951,0.2158728497827256
83.7,0.11446423387273981,0.2392468369245077
83.71666666666667,0.11706292410135884,0.2654224609082075
83.73333333333333,0.12008369884339527,0.2945711835923908
83.75,0.12357115284460156,0.3268282337971012
83.76666666666667,0.1275711484280653,0.3622846636214439
83.78333333333333,0.13213001790486015,0.4009819585961607
83.8,0.13729371367285256,0.4429098113180332
83.81666666666666,0.14310696057624114,0.4880071745859837
83.83333333333333,0.1496124616758937,0.5361663007882627
83.85,0.15685020352011564,0.5872390918755287
83.86666666666666,0.16485688810456997,0.6410449019434357
83.88333333333334,0.17366550982118437,0.697378954172403
83.9,0.18330507532814763,0.7560206170098576
83.91666666666667,0.1938004604465938,0.8167410000646677
83.93333333333334,0.2051723862810238,0.8793095079498368
83.95,0.21743749431700402,0.9434991951394098
83.96666666666667,0.23060849897301927,1.0090909013144216
83.98333333333333,0.2446943968747182,1.075876249170314
84.0,0.25970071462803684,1.1436596376041095
84.01666666666667,0.27562977852510223,1.2122594138664695
84.03333333333333,0.2924809947268186,1.281508369041434
84.05,0.3102511290950704,1.3512537326830654
84.06666666666666,0.3289345799033528,1.4213567952459656
84.08333333333333,0.3485236382959027,1.491692274065617
84.1,0.3690087331382651,1.5621475168841574
84.11666666666666,0.3903786585093694,1.632621611412855
84.13333333333334,0.41262078290100784,1.7030244566725616
84.15,0.43572124012825275,1.773275834084033
84.16666666666667,0.4596651024149241,1.8433045052178547
84.18333333333334,0.4844365365121779,1.9130473540933697
84.2,0.5100189439133694,1.9824485846367204
84.21666666666667,0.5363950863435997,2.051458978799216
84.23333333333333,0.5635471977648916,2.1200352172404835
84.25,0.5914570840991977,2.188139261794896
84.26666666666667,0.6201062118574185,2.2557377973320776
84.28333333333333,0.6494757867345166,2.322801729490036
84.3,0.6795468233707916,2.3893057340194
84.31666666666666,0.7103002069241203,2.455227854129552
84.33333333333333,0.7417167475734016,2.5205491406258056
84.35,0.7737772286533143,2.5852533310237416
84.36666666666666,0.8064624490938188,2.649326563673974
84.38333333333334,0.8397532607836559,2.712757123333952
84.4,0.8736306014923547,2.77553521426995
84.41666666666667,0.9080755237357073,2.837652758528189
84.43333333333334,0.943069220134392,2.8991032159152845
84.45,0.9785930455857291,2.95988142365209
84.46666666666667,1.0146285366194088,3.019983453333717
84.48333333333333,1.0511574282691127,3.079406483083742
84.5,1.0881616686808835,3.138148683472642
84.51666666666667,1.125623431760035,3.1962091152952827
84.53333333333333,1.1635251280247716,3.253587638126012
84.55,1.2018494138802887,3.3102848283095163
84.56666666666666,1.2405791994859172,3.3663019053069645
84.58333333333333,1.2796976553432708,3.4216406655968847
84.6,1.3191882177709,3.476303423118252
84.61666666666666,1.3590345933558265,3.5302929557003293
84.63333333333334,1.399220762506359,3.5836124567293126
84.65,1.4397309821972322,3.6362654915109225
84.66666666666667,1.480549787982541,3.6882559578760414
84.68333333333334,1.5216619953712227,3.739588050481142
84.7,1.5630527006129815,3.7902662285382767
84.71666666666667,1.6047072809639036,3.840295186548181
84.73333333333333,1.6466113944931098,3.8896798277127074
84.75,1.688750979466602,3.938425239828831
84.76666666666667,1.7311122533657954,3.986536673323314
84.78333333333333,1.773681711561916,4.034019521354615
84.8,1.8164461257035582,4.080879301605108
84.81666666666666,1.8593925418354833,4.127121639723616
84.83333333333333,1.9025082782800717,4.172752254240974
84.85,1.9457809233122496,4.2177769427649245
84.86666666666666,1.9891983326469636,4.262201569407184
84.88333333333334,2.03274862675771,4.306032053304909
84.9,2.0764201880574733,4.349274358061301
84.91666666666667,2.120201657946565,4.3919344821465645
84.93333333333334,2.1640819337501056,4.434018450092739
84.95,2.2080501655588,4.475532304416143
84.96666666666667,2.2520957529842964,4.516482098236588
84.98333333333333,2.2962083418423322,4.556873888503213
85.0,2.340377820774624,4.596713729776729
85.01666666666667,2.384594317818114,4.636007668537067
85.03333333333333,2.428848196931357,4.67476173795558
85.05,2.473130054485885,4.712981953092814
85.06666666666666,2.517430715729445,4.75067430649398
85.08333333333333,2.5617412312281687,4.787844764143223
85.1,2.606052873293504,4.824499261744589
85.11666666666666,2.6503571323992525,4.860643701306552
85.13333333333334,2.6946457135937303,4.89628394800223
85.15,2.7389105329114622,4.93142582728201
85.16666666666667,2.7831437137884305,4.966075122218753
85.18333333333334,2.8273375834844923,5.0002375710651314
85.2,2.87148466951626,5.033918865005392
85.21666666666667,2.9155776961033473,5.067124646085564
85.23333333333333,2.9596095806265397,5.099860505305691
85.25,3.0035734300731782,5.132131980853681
85.26666666666667,3.0474625375487974,5.163944556496269
85.28333333333333,3.091270379021847,5.195303660181343
85.3,3.1349906095799422,5.226214662423817
85.31666666666666,3.178617060072822,5.256682875138044
85.33333333333333,3.2221437337086862,5.286713550529079
85.35,3.2655648026987225,5.316311879963955
85.36666666666666,3.3088746050494526,5.345482992914877
85.38333333333334,3.3520676411580137,5.374231955952593
85.4,3.395138570385073,5.402563771916667
85.41666666666667,3.438082207883215,5.430483379127788
85.43333333333334,3.4808935214455117,5.457995650551927
85.45,3.523567628369422,5.485105393060781
85.46666666666667,3.566099792194946,5.511817346731659
85.48333333333333,3.60848541948064,5.538136184172869
85.5,3.650720056860967,5.56406650989769
85.51666666666667,3.692799387999657,5.589612859711017
85.53333333333333,3.7347192305924017,5.614779700123287
85.55,3.7764755331409603,5.639571427731442
85.56666666666666,3.8180643721485352,5.663992368677165
85.58333333333333,3.859481949205559,5.6880467780906985
85.6,3.900724588160098,5.711738839549883
85.61666666666666,3.9417887320483342,5.735072664488928
85.63333333333334,3.9826709403017593,5.758052291648262
85.65,4.023367886013827,5.780681686526471
85.66666666666667,4.063876353173364,5.802964740813238
85.68333333333334,4.104193233930964,5.824905271811978
85.7,4.144315525646779,5.846507021786711
85.71666666666667,4.1842403283915575,5.867773657389728
85.73333333333333,4.223964842299323,5.888708769033444
85.75,4.263486364925926,5.90931587023491
85.76666666666667,4.302802288415093,5.92959839686758
85.78333333333333,4.341910097075725,5.949559706486145
85.8,4.380807364834585,5.969203077587333
85.81666666666666,4.419491752733542,5.988531708846264
85.83333333333333,4.457961006164519,6.007548718218347
85.85,4.496212952512281,6.026257142116714
85.86666666666666,4.5342454987015595,6.044659934519376
85.88333333333334,4.572056628797093,6.06275996604889
85.9,4.609644401327274,6.080560022881692
85.91666666666667,4.64700694695091,6.098062805722389
85.93333333333334,4.684142466094801,6.115270928714822
85.95,4.721049226619042,6.132186918311082
85.96666666666667,4.757725561242823,6.148813211950713
85.98333333333333,4.794169865195923,6.165152156760735
86.0,4.830380593937076,6.181206008227338
86.01666666666667,4.866356260847902,6.196976928789551
86.03333333333333,4.902095434769087,6.212466986252752
86.05,4.9375967375955305,6.227678152127127
86.06666666666666,4.972858842059855,6.2426123000085445
86.08333333333333,5.007880469431604,6.257271203826547
86.1,5.042660387135281,6.271656535935437
86.11666666666666,5.0771974062801615,6.285769865004134
86.13333333333334,5.111490379470056,6.299612654030683
86.15,5.14553819849014,6.313186258165581
86.16666666666667,5.179339791966749,6.326491922402671
86.18333333333334,5.212894122824303,6.3395307789215805
86.2,5.2462001860764556,6.352303844634563
86.21666666666667,5.279257006477505,6.364812018487586
86.23333333333333,5.312063636180961,6.377056078649527
86.25,5.344619152110885,6.389036679190955
86.26666666666667,5.37692265368189,6.400754347025531
86.28333333333333,5.40897326038894,6.412209478569931
86.3,5.440770109411105,6.423402336289347
86.31666666666666,5.472312352883636,6.434333044582497
86.33333333333333,5.503599155483045,6.445001585925643
86.35,5.534629691921688,6.4554077967439545
86.36666666666666,5.565403144437157,6.465551363126261
86.38333333333334,5.59591869994252,6.475431815762156
86.4,5.626175547400181,6.485048525030237
86.41666666666667,5.656172875180302,6.494400695898976
86.43333333333334,5.685909868361205,6.503487362554682
86.45,5.71538570573435,6.512307382230736
86.46666666666667,5.744599556867838,6.520859428882802
86.48333333333333,5.773550579277807,6.529141986899666
86.5,5.802237915462455,6.537153344341685
86.51666666666667,5.830660689699362,6.544891585419624
86.53333333333333,5.858818004710434,6.552354582369028
86.55,5.886708938562888,6.559539987667391
86.56666666666666,5.9143325413549475,6.566445225543576
86.58333333333333,5.941687831714265,6.573067482786928
86.6,5.968773792967623,6.57940369839658
86.61666666666666,5.9955893696646685,6.585450553932787
86.63333333333334,6.022133463811613,6.591204462905201
86.65,6.048404930962644,6.596661559551596
86.66666666666667,6.074402575783288,6.601817685825904
86.68333333333334,6.100125148057726,6.606668379434733
86.7,6.125571338357628,6.611208860726762
86.71666666666667,6.150739773592863,6.615434019049135
86.73333333333333,6.175629011832548,6.619338396643323
86.75,6.200237537643303,6.622916173940183
86.76666666666667,6.224563757053244,6.62616115358603
86.78333333333333,6.248605992417911,6.629066744040705
86.8,6.272362476350679,6.631625940052547
86.81666666666666,6.295831346207156,6.633831304814812
86.83333333333333,6.319010638212445,6.635674950947052
86.85,6.341898281448305,6.6371485209979255
86.86666666666666,6.364492090777565,6.638243164499363
86.88333333333334,6.386789760263948,6.638949516694518
86.9,6.4087888563221345,6.6392576764744
86.91666666666667,6.4304868106625825,6.63915718376338
86.93333333333334,6.451880912070305,6.638636993344417
86.95,6.472968298564563,6.637685450183207
86.96666666666667,6.493745949450308,6.636290264651638
86.98333333333333,6.514210677050887,6.634438487020675
87.0,6.534359117290334,6.632116478775884
87.01666666666667,6.554187720367793,6.629309884751324
87.03333333333333,6.573692741654487,6.626003606423229
87.05,6.592870232135365,6.622181774264544
87.06666666666666,6.611716027613281,6.617827717108168
87.08333333333333,6.630225737930759,6.612923932403255
87.1,6.6483947365941605,6.6074520582974285
87.11666666666666,6.66621814996802,6.601392845089428
87.13333333333334,6.683690845008115,6.594726123611985
87.15,6.700807417048193,6.587430774995924
87.16666666666667,6.717562178253485,6.579484702945513
87.18333333333334,6.733949145470631,6.570864805224342
87.2,6.749962026602944,6.561546942714952
87.21666666666667,6.765594207167914,6.551505910382977
87.23333333333333,6.780838737586287,6.5407154108228855
87.25,6.795688320009492,6.5291480276491685
87.26666666666667,6.81013529312524,6.516775196137987
87.28333333333333,6.824171617943278,6.5035671775086925
87.3,6.837788864119041,6.4894930352318
87.31666666666666,6.850978194771265,6.4745206098340935
87.33333333333333,6.863730353160118,6.458616498075771
87.35,6.8760356444542525,6.441746026865663
87.36666666666666,6.887883926201914,6.423873240091606
87.38333333333334,6.899264584556731,6.404960868497907
87.4,6.910166526517038,6.384970322856343
87.41666666666667,6.9205781628603225,6.363861674515055
87.43333333333334,6.930487387457496,6.341593637849652
87.45,6.939881572852424,6.318123568899656
87.46666666666667,6.9487475401776235,6.293407444004509
87.48333333333333,6.9570715555270235,6.267399858454369
87.5,6.964839310397746,6.240054023279369
87.51666666666667,6.972035906939399,6.2113217655392505
87.53333333333333,6.978645843355872,6.181153529005543
87.55,6.984652999455974,6.1494983783126616
87.56666666666666,6.9900406221915174,6.116304010548729
87.58333333333333,6.994791311659474,6.081516770278616
87.6,6.9988870080757275,6.045081667248437
87.61666666666666,7.002308978941407,6.006942400385896
87.63333333333334,7.00503780695107,5.967041387325198
87.65,7.00705337814792,5.925319801202832
87.66666666666667,7.008334871351234,5.881717613113817
87.68333333333334,7.008860748476073,5.836173642936007
87.7,7.008608745857907,5.788625617207432
87.71666666666667,7.007555866804375,5.739010234199562
87.73333333333333,7.005678374924001,5.687263243231579
87.75,7.002951789438685,5.63331953389913
87.76666666666667,6.9993508821596855,5.577113233703119
87.78333333333333,6.994849676045833,5.518577819372176
87.8,6.989421445575371,5.457646240143195
87.81666666666666,6.9830387195812555,5.394251067373181
87.83333333333333,6.975673286701945,5.328324650933948
87.85,6.967296203282331,5.259799295491899
87.86666666666666,6.95787780412368,5.188607456957398
87.88333333333334,6.94738771643724,5.114681962089444
87.9,6.935794878823198,5.0379562708228205
87.91666666666667,6.923067562958385,4.958364744936788
87.93333333333334,6.909173400110725,4.875842957289819
87.95,6.894079411780216,4.790328029163463
87.96666666666667,6.877752048528761,4.70175903751231
87.98333333333333,6.860157234164831,4.610077456564645
88.0,6.841260415788409,4.515227645212761
88.01666666666667,6.821026622113608,4.417157404028649
88.03333333333333,6.7994205299072625,4.315818600394483
88.05,6.776406547049884,4.211167942357225
88.06666666666666,6.751948901080067,4.103167801379222
88.08333333333333,6.72601174607392,3.991787197680917
88.1,6.698559266388076,3.8770027921523846
88.11666666666666,6.669555835237517,3.758800429340439
88.13333333333334,6.638966172277105,3.6371766452339274
88.15,6.6067555241670215,3.512140461212661
88.16666666666667,6.572889870353163,3.38371548639379
88.18333333333334,6.537336200668894,3.251942891168348
88.2,6.500062801693404,3.116884767240304
88.21666666666667,6.461039643924817,2.9786279345115583
88.23333333333333,6.420238778673825,2.837288793952131
88.25,6.377634840308523,2.6930200268371047
88.26666666666667,6.3332057251451515,2.5460186628843404
88.28333333333333,6.286933317437399,2.3965353701671024
88.3,6.238804424434242,2.244887662185299
88.31666666666666,6.18881195597683,2.091475992814142
88.33333333333333,6.136956392740121,1.9368035985607768
88.35,6.083247554463987,1.781501601044645
88.36666666666666,6.027706802769307,1.6263583195610722
88.38333333333334,5.970369846650669,1.472353617377069
88.4,5.911289926950238,1.320689919499333
88.41666666666667,5.850541461111702,1.1728144370118192
88.43333333333334,5.7882238209783745,1.0304119618060636
88.45,5.724464506822977,0.8953431692244631
88.46666666666667,5.659420609480041,0.7695040879578443
88.48333333333333,5.593277275499609,0.6546069995289092
88.5,5.526242168571648,0.5519280311904095
88.51666666666667,5.458536156796589,0.4621095680343027
88.53333333333333,5.390381888301096,0.3850953572011698
88.55,5.321992702520756,0.3202129381328904
88.56666666666666,5.2535639598651445,0.2663526118902953
88.58333333333333,5.185267738433001,0.2221698384919861
88.6,5.117250763874575,0.18625741839447
88.61666666666666,5.049634792424976,0.1572660190064667
88.63333333333334,4.982518556789928,0.1339741912952994
88.65,4.915980504012225,0.115319371930458
88.66666666666667,4.8500817741377915,0.1004031873563176
88.68333333333334,4.784869091614,0.0884815513537875
88.7,4.720377381304903,0.0789474683324231
88.71666666666667,4.656632038330293,0.0713112776364446
88.73333333333333,4.593650838389605,0.0651812282057754
88.75,4.531445514641778,0.0602457519644647
88.76666666666667,4.47002303703749,0.0562580860555856
88.78333333333333,4.409386640386531,0.0530233251381136
88.8,4.349536642943336,0.0503877652613663
88.81666666666666,4.290471094419899,0.048230263450722
88.83333333333333,4.232186286821196,0.0464553154286943
88.85,4.174677155721051,0.0449875557867589
88.86666666666666,4.117937594901339,0.0437674164388244
88.88333333333334,4.0619607028619775,0.042747713268404
88.9,4.006738975671848,0.0418909738003325
88.91666666666667,3.952264458046528,0.0411673469396872
88.93333333333334,3.898528861652119,0.0405529715252046
88.95,3.8455236578555163,0.0400287032322671
88.96666666666667,3.793240150564822,0.0395791203921425
88.98333333333333,3.7416695334522676,0.0391917478410543
89.0,3.6908029350198372,0.0388564495491262
89.01666666666667,3.6406314541222335,0.0385649527573851
89.03333333333333,3.591146187995765,0.0383104744637851
89.05,3.5423382544160784,0.0380874272288236
89.06666666666666,3.4941988092065257,0.0378911870698838
89.08333333333333,3.4467190600827133,0.0377179096283172
89.1,3.399890277590767,0.0375643840915745
89.11666666666666,3.353703803727794,0.0374279167823548
89.13333333333334,3.3081510587204113,0.0373062379427173
89.15,3.2632235463233727,0.0371974268627483
89.16666666666667,3.2189128579250856,0.0370998515518901
89.18333333333334,3.1752106757122465,0.0370121196705139
89.2,3.1321087750394834,0.0369330388824176
89.21666666666667,3.0895990261781727,0.0368615843748827
89.23333333333333,3.047673395554728,0.0367968721805749
89.25,3.0063239465838154,0.0367381371046634
89.26666666666667,2.9655428401276365,0.0366847148417309
89.28333333333333,2.925322334701323,0.0366360268077547
89.3,2.8856547864456332,0.0365915674874634
89.31666666666666,2.846532648898083,0.036550894062766
89.33333333333333,2.807948472616425,0.0365136175512861
89.35,2.769894904671786,0.0364793953575897
89.36666666666666,2.7323646880329977,0.0364479250237096
89.38333333333334,2.6953506608661346,0.036418938876004
89.4,2.6588457557613094,0.036392199482007
89.41666666666667,2.6228429988999937,0.0363674957814991
89.43333333333334,2.5873355091751375,0.0363446397568675
89.45,2.5523164972720744,0.0363234635787565
89.46666666666667,2.5177792647179853,0.0363038171487884
89.48333333333333,2.483717202906875,0.0362855659722545
89.5,2.4501237921050594,0.0362685893180224
89.51666666666667,2.4169926004419278,0.0362527786209574
89.53333333333333,2.38431728288438,0.0362380360878911
89.55,2.352091580209336,0.0362242734783147
89.56666666666666,2.320309317980247,0.0362114110716467
89.58333333333333,2.288964405535513,0.0361993767399675
89.6,2.258050834914918,0.0361881050584448
89.61666666666666,2.227562679844495,0.0361775366428605
89.63333333333334,2.1974940946694232,0.0361676175285619
89.65,2.167839313399158,0.0361582986204676
89.66666666666667,2.138592648625578,0.0361495351364814
89.68333333333334,2.1097484905372035,0.036141286202642
89.7,2.08130130594503,0.0361335144956854
89.71666666666667,2.0532456371989003,0.0361261858658049
89.73333333333333,2.0255761012410884,0.0361192690222691
89.75,1.9982873886381178,0.0361127352720801
89.76666666666667,1.9713742626252744,0.0361065582810552
89.78333333333333,1.944831558103979,0.0361007138446257
89.8,1.9186541806713076,0.0360951796837943
89.81666666666666,1.8928371057166296,0.0360899352807043
89.83333333333333,1.8673753774934743,0.0360849617205525
89.85,1.8422641082037379,0.0360802415491079
89.86666666666666,1.8174984770182752,0.03607575863363
89.88333333333334,1.7930737292257806,0.0360714980567821
89.9,1.7689851753452968,0.0360674460120993
89.91666666666667,1.745228190266505,0.0360635897109434
89.93333333333334,1.7217982123239997,0.0360599172907478
89.95,1.6986907424503057,0.0360564177403582
89.96666666666667,1.6759013433509944,0.0360530808320428
89.98333333333333,1.6534256386736053,0.0360498970578313
90.0,1.6312593121755334,0.0360468575707935
90.01666666666667,1.6093981068596386,0.0360439541295752
90.03333333333333,1.5878378242105848,0.0360411790537088
90.05,1.5665743234005276,0.0360385251797418
90.06666666666666,1.545603520516376,0.0360359858217937
90.08333333333333,1.5249213877435341,0.0360335547331412
90.1,1.5045239526022631,0.0360312260728808
90.11666666666666,1.4844072972197286,0.0360289943770831
90.13333333333334,1.4645675576048767,0.0360268545315788
90.15,1.4450009228585579,0.0360248017442991
90.16666666666667,1.4257036344518037,0.0360228315218928
90.18333333333334,1.4066719855385168,0.0360209396493314
90.2,1.3879023202618257,0.0360191221703389
90.21666666666667,1.3693910330270764,0.0360173753682567
90.23333333333333,1.351134567790503,0.0360156957487811
90.25,1.3331294174190036,0.0360140800255851
90.26666666666667,1.3153721230284032,0.036012525106135
90.28333333333333,1.2978592733120922,0.0360110280782224
90.3,1.2805875038466477,0.03600958619708
90.31666666666666,1.2635534964912916,0.0360081968750678
90.33333333333333,1.2467539787590705,0.0360068576713235
90.35,1.2301857231940825,0.036005566282128
90.36666666666666,1.2138455467006324,0.0360043205312548
90.38333333333334,1.19773030997517,0.0360031183624199
90.4,1.1818369169111524,0.036001957831677
90.41666666666667,1.1661623140180986,0.0360008371004109
90.43333333333334,1.1507034897806334,0.0359997544281074
90.45,1.1354574741157863,0.0359987081667018
90.46666666666667,1.1204213378123982,0.0359976967549621
90.48333333333333,1.1055921919852993,0.0359967187133038
90.5,1.090967187470337,0.035995772638387
90.51666666666667,1.076543514300336,0.0359948571987891
90.53333333333333,1.062318401179672,0.0359939711308378
90.55,1.0482891149674525,0.0359931132347074
90.56666666666666,1.0344529601139218,0.0359922823703996
90.58333333333333,1.0208072781488715,0.0359914774543564
90.6,1.0073494471917803,0.0359906974563595
90.61666666666666,0.9940768814590363,0.0359899413965454
90.63333333333334,0.98098703074499,0.0359892083424272
90.65,0.9680773799187935,0.0359884974061976
90.66666666666667,0.9553454484687977,0.0359878077424117
90.68333333333334,0.9427887900330147,0.0359871385456879
90.7,0.9304049919202352,0.0359864890484814
90.71666666666667,0.9181916746192057,0.0359858585189411
90.73333333333333,0.9061464913720811,0.0359852462591534
90.75,0.8942671277285,0.0359846516033672
90.76666666666667,0.8825513011018531,0.0359840739163131
90.78333333333333,0.8709967602948672,0.0359835125915102
90.8,0.8596012850971648,0.0359829670499166
90.81666666666666,0.848362685863128,0.0359824367385604
90.83333333333333,0.837278803098635,0.035981921129261
90.85,0.8263475070072,0.0359814197173029
90.86666666666666,0.8155666971065784,0.0359809320203885
90.88333333333334,0.8049343018309238,0.0359804575775873
90.9,0.794448278143443,0.0359799959483604
90.91666666666667,0.7841066111066193,0.0359795467115376
90.93333333333334,0.7739073135136508,0.0359791094645019
90.95,0.7638484255149808,0.0359786838223946
90.96666666666667,0.7539280142528086,0.0359782694173754
90.98333333333333,0.744144173458681,0.0359778658978548
91.0,0.7344950230956228,0.0359774729278661
91.01666666666667,0.7249787090093496,0.0359770901864842
91.03333333333333,0.7155934025805086,0.0359767173672783
91.05,0.7063373003527855,0.0359763541777669
91.06666666666666,0.6972086236820867,0.0359760003389546
91.08333333333333,0.6882056184119526,0.035975655584938
91.1,0.6793265545421934,0.0359753196625331
91.11666666666666,0.6705697258858436,0.0359749923309283
91.13333333333334,0.6619334497261844,0.0359746733613893
91.15,0.6534160665138242,0.0359743625370413
91.16666666666667,0.6450159395515691,0.035974059652672
91.18333333333334,0.6367314546771176,0.0359737645145771
91.2,0.6285610199302732,0.0359734769404558
91.21666666666667,0.6205030652684567,0.0359731967593784
91.23333333333333,0.6125560422680839,0.0359729238117889
91.25,0.6047184238292788,0.0359726579495591
91.26666666666667,0.5969887038563157,0.0359723990361213
91.28333333333333,0.5893653969881839,0.035972146946658
91.3,0.5818470383165573,0.0359719015683524
91.31666666666666,0.5744321831098439,0.0359716628007003
91.33333333333333,0.5671194065085655,0.0359714305559532
91.35,0.5599073032685471,0.0359712047596077
91.36666666666666,0.5527944874951707,0.0359709853509856
91.38333333333334,0.5457795923843146,0.0359707722838934
91.4,0.5388612699346467,0.0359705655274909
91.41666666666667,0.5320381907006287,0.0359703650672073
91.43333333333334,0.5253090435432698,0.0359701709057805
91.45,0.5186725353857623,0.0359699830644082
91.46666666666667,0.5121273909431823,0.0359698015842085
91.48333333333333,0.505672352484175,0.0359696265277614
91.5,0.4993061795952758,0.035969457980813
91.51666666666667,0.4930276489594253,0.0359692960540511
91.53333333333333,0.4868355540887817,0.0359691408854879
91.55,0.4807287051029369,0.0359689926428553
91.56666666666666,0.47470592851118626,0.0359688515261573
91.58333333333333,0.46876606699487655,0.0359687177704531
91.6,0.46290797915801335,0.0359685916494477
91.61666666666666,0.45713053932114145,0.0359684734789579
91.63333333333334,0.451432637313828,0.0359683636206522
91.65,0.44581317826675243,0.0359682624861072
91.66666666666667,0.4402710823751712,0.0359681705419603
91.68333333333334,0.4348052847091017,0.0359680883146165
91.7,0.429414735015536,0.0359680163953936
91.71666666666667,0.4240983975251546,0.0359679554459085
91.73333333333333,0.4188552507106567,0.0359679062054713
91.75,0.41368428713444666,0.0359678694961261
91.76666666666667,0.4085845132439855,0.0359678462297082
91.78333333333333,0.4035549491802952,0.0359678374147556
91.8,0.398594628592441,0.0359678441634892
91.81666666666666,0.393702598454444,0.0359678676988939
91.83333333333333,0.388877918884825,0.0359679093618169
91.85,0.3841196629543651,0.0359679706184947
91.86666666666666,0.3794269165273137,0.035968053065913
91.88333333333334,0.37479877808004525,0.0359681584387818
91.9,0.37023435853036596,0.0359682886149244
91.91666666666667,0.3657327810686705,0.0359684456201657
91.93333333333334,0.36129318099139734,0.0359686316321725
91.95,0.3569147055369791,0.0359688489832573
91.96666666666667,0.35259651372400236,0.0359691001621853
91.98333333333333,0.34833777619160355,0.035969387814652
92.0,0.34413767504171666,0.0359697147425994
92.01666666666667,0.3399954036762486,0.035970083901679
92.03333333333333,0.3359101666808523,0.0359704984004373
92.05,0.3318811796095719,0.0359709614970138
92.06666666666666,0.32790766888877826,0.0359714765896444
92.08333333333333,0.3239888716504167,0.0359720472179217
92.1,0.3201240355857395,0.0359726770567398
92.11666666666666,0.3163124188077049,0.0359733699120425
92.13333333333334,0.31255328970607044,0.0359741297191511
92.15,0.30884592681091494,0.0359749605405065
92.16666666666667,0.30518961865184513,0.0359758665662983
92.18333333333334,0.30158366362191874,0.0359768521161355
92.2,0.29802736984950434,0.0359779216442158
92.21666666666667,0.2945200550616797,0.0359790797463468
92.23333333333333,0.29106104645602554,0.0359803311680837
92.25,0.28764968057206197,0.0359816808183518
92.26666666666667,0.28428530316538453,0.0359831337828624
92.28333333333333,0.28096726908883773,0.0359846953412925
92.3,0.27769494216301954,0.0359863709857966
92.31666666666666,0.2744676950597048,0.0359881664457068
92.33333333333333,0.2712849091846695,0.0359900877093495
92.35,0.2681459745629586,0.0359921410501643
92.36666666666666,0.26505028972195455,0.0359943330559482
92.38333333333334,0.2619972615811708,0.0359966706588227
92.4,0.2589863053443892,0.0359991611669148
92.41666666666667,0.2560168443905008,0.0360018122977561
92.43333333333334,0.2530883101683303,0.0360046322151116
92.45,0.250200142093192,0.036007629566056
92.46666666666667,0.24735178744563197,0.03601081352127
92.48333333333333,0.24454270127211197,0.0360141938170168
92.5,0.2417723462878441,0.0360177807989265
92.51666666666667,0.23904019278167557,0.0360215854693278
92.53333333333333,0.23634571852310218,0.0360256195366409
92.55,0.23368840867140853,0.0360298954677693
92.56666666666666,0.23106775568694066,0.0360344265441085
92.58333333333333,0.2284832592445668,0.0360392269208156
92.6,0.22593442614934084,0.0360443116901117
92.61666666666666,0.223420770254409,0.0360496969489933
92.63333333333334,0.2209418123812095,0.0360553998715588
92.65,0.2184970802419931,0.0360614387865503
92.66666666666667,0.21608610836477757,0.0360678332606984
92.68333333333334,0.21370843802073258,0.0360746041881317
92.7,0.2113636171541161,0.0360817738866975
92.71666666666667,0.20905120031482605,0.0360893662017481
92.73333333333333,0.20677074859365877,0.0360974066179945
92.75,0.20452182956042045,0.0361059223804148
92.76666666666667,0.20230401720491037,0.0361149426246974
92.78333333333333,0.20011689188101422,0.0361244985185064
92.8,0.197960040253979,0.0361346234143012
92.81666666666666,0.19583305525105504,0.0361453530148802
92.83333333333333,0.19373553601568108,0.03615672555289
92.85,0.1916670878653459,0.0361687819853793
92.86666666666666,0.18962732225347462,0.0361815662053905
92.88333333333334,0.18761585673542155,0.0361951252714197
92.9,0.18563231493892499,0.0362095096570868
92.91666666666667,0.1836763265392711,0.0362247735227524
92.93333333333334,0.1817475272394983,0.0362409750111404
92.95,0.17984555875598912,0.0362581765694951
92.96666666666667,0.1779700688098202,0.036276445300724
92.98333333333333,0.17612071112431749,0.0362958533465762
93.0,0.17429714542927136,0.0363164783059885
93.01666666666667,0.1724990374723381,0.0363384036921945
93.03333333333333,0.17072605903820412,0.0363617194325919
93.05,0.16897788797614768,0.0363865224158097
93.06666666666666,0.16725420823669887,0.0364129170908176
93.08333333333333,0.16555470991819143,0.0364410161237223
93.1,0.16387908932406556,0.0364709411182797
93.11666666666666,0.16222704903188945,0.0365028234070217
93.13333333333334,0.16059829797516226,0.0365368049206917
93.15,0.1589925515391084,0.0365730391446161
93.16666666666667,0.1574095316717609,0.0366116921715326
93.18333333333334,0.15584896701183007,0.0366529438619039
93.2,0.15431059303499706,0.0366969891237354
93.21666666666667,0.15279415222046996,0.0367440393256339
93.23333333333333,0.15129939423985214,0.036794323858569
93.25,0.149826076170629,0.0368480918637523
93.26666666666667,0.1483739627368283,0.0369056141461749
93.28333333333333,0.14694282657975044,0.0369671852962333
93.3,0.14553244856199582,0.0370331260444678
93.31666666666666,0.1441426181084261,0.0371037858779918
93.33333333333333,0.14277313358814414,0.0371795459510638
93.35,0.14142380274210337,0.0372608223266087
93.36666666666666,0.1400944431615289,0.037348069590633
93.38333333333334,0.13878488282302257,0.0374417848874041
93.4,0.13749496068697642,0.0375425124299658
93.41666666666667,0.13622452736680224,0.0376508485484492
93.43333333333334,0.13497344587748783,0.037767447347712
93.45,0.13374159247312872,0.0378930270562266
93.46666666666667,0.13252885758444863,0.0380283771606717
93.48333333333333,0.13133514686878817,0.0381743664343009
93.5,0.1301603823868442,0.0383319519842113
93.51666666666667,0.12900450392244295,0.0385021894616522
93.53333333333333,0.1278674704640089,0.0386862446020566
93.55,0.1267492618689885,0.0388854062870746
93.56666666666666,0.12564988073589928,0.0391011013544203
93.58333333333333,0.1245693545120088,0.0393349114127905
93.6,0.12350773786915888,0.0395885919662102
93.61666666666666,0.12246511538506741,0.0398640942004033
93.63333333333334,0.12144160457344261,0.0401635898425698
93.65,0.12043735931244648,0.040489499572837
93.66666666666667,0.1194525737301642,0.0408445255609281
93.68333333333334,0.11848748661368823,0.0412316887760273
93.7,0.11754238642035748,0.0416543718546087
93.71666666666667,0.1166176169819859,0.0421163684407104
93.73333333333333,0.11571358400860111,0.0426219400694586
93.75,0.11483076251577932,0.043175881866733
93.76666666666667,0.1139697053207795,0.0437835985595761
93.78333333333333,0.11313105277792065,0.0444511925670713
93.8,0.11231554395291608,0.0451855662606382
93.81666666666666,0.11152402947093716,0.0459945408617488
93.83333333333333,0.1107574863143246,0.0468869948944
93.85,0.11001703489473222,0.0478730256348942
93.86666666666666,0.10930395878183195,0.0489641376133909
93.88333333333334,0.10861972753847829,0.0501734629377582
93.9,0.1079660231915911,0.0515160190236252
93.91666666666667,0.10734477096072916,0.0530090102372851
93.93333333333334,0.10675817497378871,0.0546721809814725
93.95,0.10620875982295372,0.0565282288473419
93.96666666666667,0.10569941895435028,0.0586032875753357
93.98333333333333,0.10523347104136199,0.0609274906190572
94.0,0.1048147256617914,0.0635356269345231
94.01666666666667,0.10444755977714912,0.0664679009779505
94.03333333333333,0.10413700668757493,0.0697708084091385
94.05,0.10388885928990874,0.0734981371030141
94.06666666666666,0.10370978956989411,0.07771209896599
94.08333333333333,0.10360748626780351,0.0824845906313538
94.1,0.10359081250483536,0.0878985689256401
94.11666666666666,0.10366998475466774,0.0940495082992909
94.13333333333334,0.10385677377022703,0.1010468802903026
94.15,0.10416472678199729,0.1090155578755805
94.16666666666667,0.10460940825112314,0.1180970021372062
94.18333333333334,0.10520865422233053,0.1284500156979231
94.2,0.10598282949794478,0.1402508302268828
94.21666666666667,0.10695507542779722,0.1536921862025007
94.23333333333333,0.10815152859786446,0.1689810676105528
94.25,0.10960148539113075,0.1863348207949824
94.26666666666667,0.11133748535746445,0.2059754163879884
94.28333333333333,0.11339528273884313,0.2281218925173085
94.3,0.11581367992048719,0.2529812636819804
94.31666666666666,0.11863420383333785,0.2807385415015406
94.33333333333333,0.12190062146046902,0.3115467919700829
94.35,0.12565830422139818,0.34551830232736
94.36666666666666,0.12995347176149719,0.3827178959194871
94.38333333333334,0.1348323576947508,0.4231592615654139
94.4,0.14034035716999596,0.4668044186444226
94.41666666666667,0.1465211992742734,0.5135665128896745
94.43333333333334,0.15341620336062303,0.5633151679757313
94.45,0.16106364880761695,0.6158837312678427
94.46666666666667,0.16949828459324634,0.6710775126462571
94.48333333333333,0.1787509837718434,0.728682202126033
94.5,0.18884853847450486,0.7884718383957928
94.51666666666667,0.1998135835676799,0.8502158729937747
94.53333333333333,0.2116646287249725,0.913685089095006
94.55,0.22441617787525941,0.978656294562283
94.56666666666666,0.23807891477197052,1.0449158295837977
94.58333333333333,0.25265993502545325,1.1122620065847704
94.6,0.26816300764621187,1.1805066348922322
94.61666666666666,0.28458885160436453,1.2494758127709005
94.63333333333334,0.30193541691483716,1.3190101334238544
94.65,0.320198161415402,1.3889644630953348
94.66666666666667,0.3393703173834349,1.4592074126789458
94.68333333333334,0.35944314385817183,1.529620607060834
94.7,0.3804061623544041,1.6000978292550052
94.71666666666667,0.4022473745174673,1.6705441046014675
94.73333333333333,0.42495346146129376,1.7408747674644212
94.75,0.44850996498304185,1.811014544209996
94.76666666666667,0.47290145139906725,1.8808966731829644
94.78333333333333,0.49811165895004866,1.9504620757316045
94.8,0.5241236299426163,2.019658585913064
94.81666666666666,0.5509198288216884,2.088440242269293
94.83333333333333,0.5784822474123246,2.1567666419803087
94.85,0.6067924985320023,2.2246023556860357
94.86666666666666,0.6358318990758742,2.29191639998253
94.88333333333334,0.6655815437457867,2.3586817632904973
94.9,0.6960223702735604,2.4248749818185336
94.91666666666667,0.7271352170918847,2.4904757603758534
94.93333333333334,0.7589008743361284,2.5554666338907204
94.95,0.7913001287865996,2.61983266613394
94.96666666666667,0.8243138035515392,2.6835611809091544
94.98333333333333,0.8579227929368757,2.746641523075368
95.0,0.8921080931411864,2.8090648454712657
95.01666666666667,0.9268508291870992,2.870823919165613
95.03333333333333,0.9621322784964003,2.931912964457484
95.05,0.9979338915325325,2.9923274999370806
95.06666666666666,1.0342373097596258,3.052064208000568
95.08333333333333,1.0710243812764995,3.111120814538785
95.1,1.1082771743394557,3.1694959814300576
95.11666666666666,1.1459779890094444,3.2271892103321544
95.13333333333334,1.1841093671470782,3.2842007563749687
95.15,1.2226541008956433,3.3405315508545006
95.16666666666667,1.261595239851411,3.396183131700261
95.18333333333334,1.3009160970333513,3.4511575810132835
95.2,1.3406002537900346,3.505457468834853
95.21666666666667,1.3806315637615252,3.559085802431299
95.23333333333333,1.4209941559784118,3.6120459806003486
95.25,1.4616724372094954,3.664341752338125
95.26666666666667,1.5026510936176671,3.715977179513943
95.28333333333333,1.543915091813057,3.76695660304396
95.3,1.585449679350065,3.81728461229346
95.31666666666666,1.627240384741587,3.8669660172677074
95.33333333333333,1.6692730170287489,3.916005823420874
95.35,1.711533664963648,3.9644092087206486
95.36666666666666,1.754008695842069,4.012181502800512
95.38333333333334,1.7966847540146187,4.05932816802343
95.4,1.8395487591279416,4.105854782162529
95.41666666666667,1.8825879041115785,4.151767022667885
95.43333333333334,1.9257896529429666,4.197070652295936
95.45,1.9691417382255674,4.241771505935773
95.46666666666667,2.012632158574065,4.28587547870484
95.48333333333333,2.0562491758624244,4.32938851493012
95.5,2.0999813123293163,4.372316598125777
95.51666666666667,2.1438173475643003,4.4146657418446775
95.53333333333333,2.1877463153919914,4.456441981259893
95.55,2.231757500665505,4.497651365472218
95.56666666666666,2.2758404359808764,4.538299950470623
95.58333333333333,2.3199848983265245,4.578393792655438
95.6,2.3641809056754166,4.617938942912709
95.61666666666666,2.4084187135301653,4.6569414411785095
95.63333333333334,2.4526888114297187,4.695407311443064
95.65,2.496981919424619,4.73334255716682
95.66666666666667,2.5412889845281628,4.770753157074845
95.68333333333334,2.585601177149665,4.807645061289088
95.7,2.6299098875154194,4.844024187776435
95.71666666666667,2.674206722082506,4.8798964190851
95.73333333333333,2.7184834999501883,4.915267599342983
95.75,2.7627322492730895,4.9501435314982905
95.76666666666667,2.8069452036798173,4.9845299747812986
95.78333333333333,2.8511147987006495,5.018432642368366
95.8,2.895233668207272,5.051857199231805
95.81666666666666,2.9392946408673466,5.08480926015969
95.83333333333333,2.9832907365802726,5.117294387920682
95.85,3.027215163002901,5.1493180915939165
95.86666666666666,3.07106131214202,5.180885825090331
95.88333333333334,3.11482275679787,5.212002985574195
95.9,3.158493247120962,5.242674912154279
95.91666666666667,3.202066707213754,5.272906884740676
95.93333333333334,3.245537231631993,5.302704122896781
95.95,3.2888990824829905,5.332071784867128
95.96666666666667,3.3321466854559185,5.361014966295343
95.98333333333333,3.3752746268789746,5.389538699527368
96.0,3.4182776504534598,5.4176479527775205
96.01666666666667,3.4611506540639145,5.445347629319977
96.03333333333333,3.503888686323766,5.472642566591541
96.05,3.5464869435608506,5.499537535561038
96.06666666666666,3.5889407667070246,5.526037240059604
96.08333333333333,3.631245638264428,5.552146316139455
96.1,3.673397179042752,5.577869331392543
96.11666666666666,3.7153911451305084,5.603210784361025
96.13333333333334,3.7572234249843164,5.628175103974569
96.15,3.798890036478642,5.652766648980362
96.16666666666667,3.840387123932163,5.676989707371841
96.18333333333334,3.8817109550203717,5.7008484958012655
96.2,3.922857918048772,5.724347159055716
96.21666666666667,3.9638245191073125,5.747489769502178
96.23333333333333,4.004607379307768,5.770280326540629
96.25,4.045203231759368,5.792722755992215
96.26666666666667,4.085608918922854,5.814820909545029
96.28333333333333,4.125821389920938,5.836578564168105
96.3,4.165837697891132,5.857999421520348
96.31666666666666,4.205654997122876,5.879087107288092
96.33333333333333,4.245270540413055,5.899845170535299
96.35,4.284681676539814,5.920277083048237
96.36666666666666,4.323885847705372,5.940386238648704
96.38333333333334,4.362880586849767,5.960175952437808
96.4,4.401663515001248,5.979649459998437
96.41666666666667,4.440232338883403,5.998809916628314
96.43333333333334,4.478584848430806,6.017660396510933
96.45,4.516718914258212,6.036203891824856
96.46666666666667,4.55463248502111,6.054443311749531
96.48333333333333,4.592323585118275,6.07238148153683
96.5,4.629790312274619,6.090021141494399
96.51666666666667,4.667030835132837,6.107364945916408
96.53333333333333,4.70404339063518,6.124415461841222
96.55,4.740826281784134,6.141175167908441
96.56666666666666,4.777377875283232,6.15764645310468
96.58333333333333,4.81369659921585,6.173831615463464
96.6,4.849780940458399,6.189732860524894
96.61666666666666,4.885629442456908,6.205352299909415
96.63333333333334,4.92124070291639,6.220691949773744
96.65,4.956613371527789,6.235753729215821
96.66666666666667,4.991746147418177,6.250539458382169
96.68333333333334,5.026637776900522,6.265050856672335
96.7,5.06128705119737,6.279289540844148
96.71666666666667,5.095692804174085,6.293257023040367
96.73333333333333,5.129853909830935,6.306954708490208
96.75,5.163769279975273,6.320383893227151
96.76666666666667,5.1974378619636585,6.333545761773372
96.78333333333333,5.230858636396416,6.346441384678384
96.8,5.264030614647772,6.359071715754494
96.81666666666666,5.296952836410909,6.371437589157914
96.83333333333333,5.329624367429827,6.383539716557549
96.85,5.362044297123913,6.395378684064287
96.86666666666666,5.3942117361138155,6.406954948891136
96.88333333333334,5.426125813614174,6.418268835639112
96.9,5.4577856751050975,6.429320532810144
96.91666666666667,5.4891904798517555,6.440110088975719
96.93333333333334,5.520339398375858,6.450637408715418
96.95,5.551231609664874,6.460902247918557
96.96666666666667,5.581866298721426,6.470904209447725
96.98333333333333,5.612242653936855,6.480642738362092
97.0,5.642359864443522,6.490117116931415
97.01666666666667,5.6722171171057685,6.499326458734628
97.03333333333333,5.701813593869337,6.508269703211857
97.05,5.73114846893693,6.516945609712813
97.06666666666666,5.760220905927494,6.525352751327943
97.08333333333333,5.789030054599111,6.533489507523054
97.1,5.817575047904522,6.541354057238219
97.11666666666666,5.8458549989036594,6.54894437148529
97.13333333333334,5.873868997636797,6.556258205660663
97.15,5.901616107525194,6.563293090444352
97.16666666666667,5.929095362008168,6.570046322992156
97.18333333333334,5.956305761118088,6.576514957779818
97.2,5.983246267952181,6.58269579698508
97.21666666666667,6.009915804679179,6.588585379359523
97.23333333333333,6.03631324861381,6.594179968986987
97.25,6.062437428356259,6.599475544033888
97.26666666666667,6.088287119732924,6.604467784753656
97.28333333333333,6.11386104131655,6.609152060035812
97.3,6.139157849768347,6.613523413157474
97.31666666666666,6.164176135426293,6.617576548107372
97.33333333333333,6.188914417567721,6.621305814777466
97.35,6.213371139312955,6.624705192873912
97.36666666666666,6.237544662077301,6.627768274220899
97.38333333333334,6.261433260446651,6.630488246290501
97.4,6.285035116620265,6.632857874292789
97.41666666666667,6.308348314541294,6.6348694821890914
97.43333333333334,6.331370833281653,6.6365149312368175
97.45,6.354100541046198,6.637785600539293
97.46666666666667,6.376535188629617,6.638672365867758
97.48333333333333,6.398672402637135,6.639165577766265
97.5,6.420509677613637,6.639255036243895
97.51666666666667,6.442044369012606,6.638929968374917
97.53333333333333,6.463273685541952,6.63817900406973
97.55,6.484194681273425,6.636990151297834
97.56666666666666,6.504804246425203,6.635350767479465
97.58333333333333,6.525099099119211,6.633247534360704
97.6,6.545075776510711,6.630666431258131
97.61666666666666,6.564730625676208,6.627592707959272
97.63333333333334,6.5840597929192555,6.624010853533996
97.65,6.603059214237425,6.6199045692570895
97.66666666666667,6.62172460514432,6.615256740142431
97.68333333333334,6.640051450268833,6.6100494064276045
97.7,6.65803499121077,6.604263731135815
97.71666666666667,6.675670215601394,6.59787997184224
97.73333333333333,6.692951845687182,6.590877451895013
97.75,6.709874326663392,6.583234531716962
97.76666666666667,6.726431812932414,6.574928576108405
97.78333333333333,6.742618156060595,6.565935926869866
97.8,6.758426892024621,6.556231874601593
97.81666666666666,6.773851228602508,6.545790631672072
97.83333333333333,6.788884029891867,6.534585300328852
97.85,6.803517803466856,6.522587847975946
97.86666666666666,6.817744686691511,6.509769081515864
97.88333333333334,6.83155643262068,6.496098621959976
97.9,6.844944393438904,6.481544876353322
97.91666666666667,6.857899505876268,6.4660750149808495
97.93333333333334,6.870412283087001,6.449654959572868
97.95,6.882472788507632,6.432249344470456
97.96666666666667,6.894070627039427,6.413821508239456
97.98333333333333,6.905194932113386,6.39433347689346
98.0,6.9158343418922605,6.373745937648185
98.01666666666667,6.925976992400196,6.352018234854775
98.03333333333333,6.935610499203634,6.329108352601177
98.05,6.9447219389383665,6.304972904868759
98.06666666666666,6.953297835649748,6.27956712501688
98.08333333333333,6.961324148373995,6.252844863205065
98.1,6.968786253285854,6.224758585006104
98.11666666666666,6.97566892908058,6.195259372612842
98.13333333333334,6.981956342598963,6.164296925883856
98.15,6.987632034438919,6.131819571774033
98.16666666666667,6.992678905034051,6.097774277197583
98.18333333333334,6.997079201057419,6.062106665225816
98.2,7.0008145021826245,6.024761035893182
98.21666666666667,7.003865708417356,5.985680394286505
98.23333333333333,7.006213028557677,5.944806483650268
98.25,7.007835969049489,5.902079824839101
98.26666666666667,7.008713324177276,5.8574397613004345
98.28333333333333,7.00882316629767,5.810824514891693
98.3,7.008142837643453,5.762171250654812
98.31666666666666,7.006648943809874,5.711416147360226
98.33333333333333,7.004317348204812,5.6584944802329815
98.35,7.001123168046766,5.603340712814468
98.36666666666666,6.997040771881786,5.545888605202382
98.38333333333334,6.992043779351359,5.486071336725637
98.4,6.986105063067811,5.423821637334804
98.41666666666667,6.979196752609696,5.359071937551144
98.43333333333334,6.971290240847367,5.291754532868241
98.45,6.962356193913391,5.221801783848602
98.46666666666667,6.9523645639684775,5.149146323034252
98.48333333333333,6.9412846053078265,5.07372128887926
98.5,6.929084894081207,4.9954605850237765
98.51666666666667,6.915733352599535,4.91429917479028
98.53333333333333,6.9011972800619406,4.830173426321549
98.55,6.885443386462821,4.743021472060386
98.56666666666666,6.868437833142716,4.652783623415318
98.58333333333333,6.850146278595368,4.559402824245748
98.6,6.8305339361717285,4.462825207436635
98.61666666666666,6.809565637846795,4.363000695983982
98.63333333333334,6.787205906610777,4.259883679690947
98.65,6.7634190400954175,4.153433793984439
98.66666666666667,6.738169208305353,4.043616825067259
98.68333333333334,6.7114205674176075,3.930405764045745
98.7,6.683137391836035,3.813782106665655
98.71666666666667,6.653284216522221,3.693737215376112
98.73333333333333,6.621826008112079,3.5702739815810496
98.75,6.588728389171505,3.443409072582593
98.76666666666667,6.553957862090256,3.313175319470359
98.78333333333333,6.517482047472972,3.179624402871243
98.8,6.479270105268917,3.042831453428245
98.81666666666666,6.43929306423396,2.9028983422918158
98.83333333333333,6.397524295764457,2.759960097828514
98.85,6.353940106718384,2.6141923792707336
98.86666666666666,6.308520433706429,2.4658195261636027
98.88333333333334,6.261249686539518,2.3151265007817683
98.9,6.212117785817054,2.162473142560128
98.91666666666667,6.1611215316584405,2.008312647080473
98.93333333333334,6.108266172160768,1.853213482179345
98.95,6.053567447042351,1.697887607789272
98.96666666666667,5.997054057411471,1.5432221332866936
98.98333333333333,5.9387707291271665,1.3903132183055866
99.0,5.878781631034268,1.2404936291504092
99.01666666666667,5.81717416575794,1.0953422545655478
99.03333333333333,5.754062533896505,0.956650861400656
99.05,5.689590149509927,0.8263220022972456
99.06666666666666,5.623929642395671,0.7061839426125793
99.08333333333333,5.557279234322426,0.5977442419869867
99.1,5.489855047918845,0.5019550043278267
99.11666666666666,5.421880362527598,0.4190806453634461
99.13333333333334,5.35357407553365,0.3487149839029614
99.15,5.285140715422572,0.2899247914114417
99.16666666666667,5.216763547134925,0.241449825084846
99.18333333333334,5.148601076410298,0.2018935465781314
99.2,5.0807864167912475,0.1698683653613413
99.21666666666667,5.013428620214084,0.1440878969341859
99.23333333333333,4.946615130804872,0.1234143321144007
99.25,4.880414706297103,0.1068740338349366
99.26666666666667,4.814880380475691,0.093653536557327
99.28333333333333,4.7500522203740685,0.0830849590039836
99.3,4.6859597607641135,0.0746269620316975
99.31666666666666,4.622624078696471,0.0678449342147274
99.33333333333333,4.560059520330568,0.0623923582071621
99.35,4.498275112092498,0.0579943143612735
99.36666666666666,4.437275699400635,0.0544334196773409
99.38333333333334,4.377062856573521,0.0515381429114615
99.4,4.317635609322459,0.0491732692711324
99.41666666666667,4.258991005029365,0.047232223846742
99.43333333333334,4.201124561430254,0.0456309502766247
99.45,4.144030618804315,0.0443030643435253
99.46666666666667,4.087702615794598,0.0431960391388576
99.48333333333333,4.032133305452753,0.0422682115974824
99.5,3.9773149243351122,0.0414864406670264
99.51666666666667,3.923239324887945,0.0408242785499238
99.53333333333333,3.869898079254748,0.0402605425454132
99.55,3.817282560666458,0.0397782011819055
99.56666666666666,3.7653840074039167,0.0393635040946869
99.58333333333333,3.7141935731159403,0.0390053018722235
99.6,3.663702366442937,0.0386945138217517
99.61666666666666,3.613901482293041,0.0384237102251181
99.63333333333334,3.564782026531064,0.0381867840609131
99.65,3.5163351354954338,0.0379786921741494
99.66666666666667,3.468551991432755,0.037795250570439
99.68333333333334,3.421423834689628,0.0376329721275516
99.7,3.3749419733404764,0.0374889373431666
99.71666666666667,3.329097790765068,0.0373606911051367
99.73333333333333,3.283882751588153,0.0372461599121197
99.75,3.239288406307405,0.0371435852048383
99.76666666666667,3.195306394859443,0.0370514695219274
99.78333333333333,3.1519284493477784,0.0369685326126792
99.8,3.1091463960521204,0.0368936759905628
99.81666666666666,3.0669521568937084,0.0368259536598454
99.83333333333333,3.02533775043901,0.0367645481209241
99.85,2.984295292537853,0.0367087504852282
99.86666666666666,2.9438169966224508,0.0366579443353388
99.88333333333334,2.9038951737914984,0.036611591848994
99.9,2.864522232667951,0.036569222444454
99.91666666666667,2.8256906790849587,0.0365304233048113
99.93333333333334,2.787393115638224,0.0364948312673695
99.95,2.7496222411173106,0.0364621260612852
99.96666666666667,2.7123708498417094,0.0364320245715576
99.98333333333333,2.6756318309201843,0.0364042759254809
100.0,2.639398167443766,0.0363786573340324
